District Name,PK,K,1,2,3,4,5,6,7,8,9,10,11,12,SP,Total,AfricanAmerican,Asian,Hispanic,White,NativeAmerican,"NativeHawaiian,PacificIslander","MultiRace,NonHispanic",Males,Females,TestsTakers,TestsTaken,OneTest,TwoTests,ThreeTests,FourTests,FiveorMoreTests,Unnamed:9,Score=1,Score=2,Score=3,Score=4,Score=5,PercentScore12,PercentScore35,TotalNumofClasses,AverageClassSize,NumberofStudents,FemalePercent,MalePercent,EnglishLanguageLearnerPercent,StudentswithDisabilitiesPercent,EconomicallyDisadvantagedPercent,NumEnrolledGrades09through12,NumDropoutAllGrades,PercentDropoutAllGrades,PercentDropoutGrade09,PercentDropoutGrade10,PercentDropoutGrade11,PercentDropoutGrade12,NuminCohort,PercentGraduated,PercentStillinSchool,PercentNonGradCompleters,PercentHSEquiv,PercentDroppedOut,PercentPermanentlyExcluded,HighSchoolGraduatesNum,AttendingCollUnivNum,AttendingCollUnivPercent,PrivateTwoYearPercent,PrivateFourYearPercent,PublicTwoYearPercent,PublicFourYearPercent,MACommunityCollegePercent,MAStateUniversityPercent,UnivofMassPercent,Subject,P+ANum,P+APercent,ANum,APercent,PNum,PPercent,NINum,NIPercent,WFNum,WFPercent,StudentIncluded,CPI,SGP,IncludedInSGP,InDistrictExpenditures,TotalIndistrictFTEs,InDistrictExpendituresperPupil,TotalExpenditures,TotalPupilFTEs,TotalExpendituresperPupil,Unnamed:8,ReadingWriting,Writing,Math,ORGCODEUnnamed:1_level_1,FirstLanguageNotEnglishNum,FirstLanguageNotEnglishPercent,EnglishLanguageLearnerNum,StudentsWithDisabilitiesNum,StudentsWithDisabilitiesPercent,HighNeedsNum,HighNeedsPercent,EconomicallyDisadvantagedNum,TotalNumofTeachers,PercentofTeachersLicensedinTeachingAssignment,TotalNumofClassesinCoreAcademicAreas,PercentofCoreAcademicClassesTaughtbyTeachersWhoareHighlyQualified,StudentTeacherRatio,SalaryTotals,AverageSalary,FTECount
Abby Kelley Foster Charter Public (District),0.0,117.0,116.0,113.0,117.0,122.0,118.0,115.0,123.0,120.0,101.0,88.0,84.0,91.0,0.0,1425.0,49.8,4.1,22.3,20.8,0.1,0.1,2.8,46.5,53.5,,,,,,,,,,,,,,,,     707,18.9,"      1,425",52.8,47.2,7.9,12.4,34.9,     356,       4,1.1,2.1,1.2,0.0,1.2,        82,97.6,0.0,0.0,1.2,1.2,0.0,76.0,63.0,82.9,0.0,27.0,30.2,42.9,30.2,22.2,11.1,SCIENCE AND TECH/ENG,168.0,53.0,73.0,23.0,95.0,30.0,122.0,38.0,29.0,9.0,319.0,78.4,,,,,,,,,,539.0,,517.0,4450000.0,913.0,64.1,137.0,171.0,12.0,751.0,52.7,568.0,107.0,95.3,590.0,99.2,13.4 to 1,,,
Academy Of the Pacific Rim Charter Public,,,,,,,,,,,,,,,,,,,,,,,,,,,,,,,,,,,,,,,,,,,,,,,,,,,,,,,,,,,,,,,42.0,39.0,92.9,0.0,56.4,20.5,23.1,20.5,20.5,2.6,,,,,,,,,,,,,,,,,,,,,,,,,,,,,,,,,,,,,,,,,,
Academy Of the Pacific Rim Charter Public (District),0.0,0.0,0.0,0.0,0.0,0.0,80.0,76.0,76.0,81.0,69.0,56.0,48.0,38.0,0.0,524.0,59.7,1.3,27.9,8.8,0.0,0.2,2.1,49.2,50.8,      50,      73,      27,      23,       0,       0,       0,,      14,      28,      26,       4,       1,57.5,42.5,     123,22.8,        516,52.9,47.1,13.0,25.6,31.8,     211,       0,0.0,0.0,0.0,0.0,0.0,        47,93.6,2.1,0.0,2.1,2.1,0.0,,,,,,,,,,,SCIENCE AND TECH/ENG,67.0,33.0,13.0,6.0,54.0,26.0,94.0,46.0,45.0,22.0,206.0,65.0,,,,,,,,,,,,,4120000.0,150.0,28.6,63.0,137.0,26.1,333.0,63.5,207.0,44.0,78.2,115.0,90.4,11.9 to 1,,,
Advanced Math and Science Academy Charter (District),0.0,0.0,0.0,0.0,0.0,0.0,0.0,144.0,158.0,159.0,158.0,149.0,121.0,104.0,0.0,993.0,1.9,17.4,5.4,68.2,0.2,0.0,6.8,52.4,47.6,     226,     368,     128,      61,      30,       7,       0,,      18,      41,      98,      99,     112,16.0,84.0,     475,19.4,        973,47.8,52.2,1.2,5.0,5.8,     498,       0,0.0,0.0,0.0,0.0,0.0,       127,97.6,0.8,0.0,1.6,0.0,0.0,128.0,115.0,89.8,0.0,53.9,7.0,39.1,7.0,7.8,13.0,SCIENCE AND TECH/ENG,239.0,85.0,118.0,42.0,121.0,43.0,35.0,12.0,7.0,2.0,281.0,94.0,,,,,,,,,,613.0,,645.0,4300000.0,237.0,23.9,94.0,53.0,5.3,200.0,20.1,67.0,78.0,88.9,371.0,100.0,12.1 to 1,,,
Alma del Mar Charter School (District),0.0,50.0,49.0,46.0,47.0,46.0,46.0,46.0,44.0,39.0,0.0,0.0,0.0,0.0,0.0,413.0,12.8,0.5,50.8,29.3,0.7,0.0,5.8,45.5,54.5,,,,,,,,,,,,,,,,      50,46.4,        320,54.1,45.9,11.9,17.5,53.8,,,,,,,,,,,,,,,,,,,,,,,,,SCIENCE AND TECH/ENG,11.0,29.0,4.0,11.0,7.0,18.0,21.0,55.0,6.0,16.0,38.0,69.1,,,,,,,,,,,,,4090000.0,96.0,23.2,91.0,65.0,15.7,299.0,72.4,241.0,33.0,60.7,82.0,51.2,9.8 to 1,,,
Amesbury Academy Charter Public (District),,,,,,,,,,,,,,,,,,,,,,,,,,,,,,,,,,,,,,,,,,,,,,,,,,,,,,,,,,,,,,,13.0,,,,,,,,,,,,,,,,,,,,,,,,,,,,,,,,,,,,,,,,,,,,,,,,,,,
Argosy Collegiate Charter School (District),0.0,0.0,0.0,0.0,0.0,0.0,0.0,103.0,103.0,102.0,90.0,0.0,0.0,0.0,0.0,398.0,10.6,2.0,18.8,62.1,0.5,0.5,5.5,53.0,47.0,,,,,,,,,,,,,,,,      84,26.7,        310,46.5,53.5,14.2,22.9,48.7,,,,,,,,,,,,,,,,,,,,,,,,,SCIENCE AND TECH/ENG,28.0,29.0,0.0,0.0,28.0,29.0,33.0,34.0,35.0,36.0,96.0,57.8,,,,,,,,,,,,,35090000.0,98.0,24.6,91.0,86.0,21.6,267.0,67.1,219.0,26.0,73.1,72.0,86.1,11.8 to 1,,,
Assabet Valley Regional Vocational Technical,0.0,0.0,0.0,0.0,0.0,0.0,0.0,0.0,0.0,0.0,300.0,284.0,275.0,254.0,0.0,1113.0,0.6,0.4,14.1,82.2,0.4,0.0,2.3,59.5,40.4,      62,      76,      48,      14,       0,       0,       0,,      23,      27,      18,       6,       2,65.8,34.2,     611,16.2,"      1,102",42.4,57.6,2.0,29.6,20.5,"   1,103",       4,0.4,0.0,0.7,0.4,0.4,       264,98.1,0.8,0.0,0.0,1.1,0.0,237.0,122.0,51.5,0.8,31.1,40.2,27.9,36.9,19.7,1.6,SCIENCE AND TECH/ENG,228.0,86.0,73.0,28.0,155.0,59.0,32.0,12.0,4.0,2.0,264.0,94.6,,,"      $20,729,926.00","      1,045.7","         $19,823.97","      $20,779,735.00","      1,045.7","         $19,871.60",,504.0,,494.0,8010000.0,168.0,15.1,32.0,327.0,29.4,540.0,48.5,275.0,108.0,99.1,344.0,100.0,10.3 to 1,"      $8,686,073","  $78,750",    110
Atlantis Charter (District),0.0,107.0,106.0,106.0,106.0,106.0,110.0,110.0,109.0,109.0,75.0,59.0,66.0,43.0,0.0,1212.0,5.0,1.7,10.8,78.4,0.1,0.0,4.0,46.9,53.1,      17,      22,      12,       5,       0,       0,       0,,       8,       8,       5,       1,       0,72.7,27.3,     515,22.8,"      1,102",53.1,46.9,6.2,12.3,38.8,     187,       1,0.5,1.6,0.0,0.0,,,,,,,,,,,,,,,,,,,SCIENCE AND TECH/ENG,128.0,51.0,27.0,11.0,101.0,40.0,101.0,40.0,21.0,8.0,250.0,79.1,,,,,,,,,,527.0,,500.0,4910000.0,229.0,18.9,112.0,145.0,12.0,659.0,54.4,526.0,82.0,83.9,359.0,98.9,13.5 to 1,,,
Barnstable Community Horace Mann Charter Public (District),0.0,85.0,78.0,75.0,69.0,0.0,0.0,0.0,0.0,0.0,0.0,0.0,0.0,0.0,0.0,307.0,17.3,3.3,24.1,49.8,0.7,0.0,4.9,50.8,48.9,,,,,,,,,,,,,,,,      82,21.0,        282,49.3,50.7,15.6,11.3,36.9,,,,,,,,,,,,,,,,,,,,,,,,,,,,,,,,,,,,,,,,,,,,,,,,,,4270000.0,125.0,40.7,64.0,28.0,9.1,172.0,56.0,126.0,22.0,100.0,107.0,100.0,13.2 to 1,,,
Baystate Academy Charter Public School (District),0.0,0.0,0.0,0.0,0.0,0.0,0.0,80.0,80.0,80.0,75.0,73.0,57.0,0.0,0.0,445.0,25.8,0.9,66.7,5.2,0.0,0.2,1.1,50.8,49.2,,,,,,,,,,,,,,,,     304,14.8,        398,48.2,51.8,14.1,19.3,67.3,     148,       2,1.4,0.0,2.9,,,,,,,,,,,,,,,,,,,,SCIENCE AND TECH/ENG,39.0,30.0,15.0,11.0,24.0,18.0,66.0,50.0,27.0,20.0,132.0,65.5,,,,,,,,,,,,,35020000.0,92.0,20.7,63.0,85.0,19.1,340.0,76.4,314.0,36.0,70.0,211.0,100.0,10.8 to 1,,,
Benjamin Banneker Charter Public (District),22.0,49.0,48.0,46.0,47.0,47.0,57.0,38.0,0.0,0.0,0.0,0.0,0.0,0.0,0.0,354.0,84.7,0.8,11.0,2.0,0.0,0.0,1.4,49.4,50.6,,,,,,,,,,,,,,,,      69,21.4,        348,48.6,51.4,5.2,16.4,46.8,,,,,,,,,,,,,,,,,,,,,,,,,SCIENCE AND TECH/ENG,28.0,68.0,13.0,32.0,15.0,37.0,11.0,27.0,2.0,5.0,41.0,86.6,,,,,,,,,,,,,4200000.0,65.0,18.4,18.0,51.0,14.4,220.0,62.1,188.0,20.0,95.0,109.0,100.0,17.3 to 1,,,
Benjamin Franklin Classical Charter Public (District),0.0,50.0,50.0,50.0,50.0,51.0,52.0,50.0,45.0,45.0,0.0,0.0,0.0,0.0,0.0,443.0,2.3,22.6,3.6,67.5,0.0,0.0,4.1,48.5,51.5,,,,,,,,,,,,,,,,     172,23.2,        442,48.4,51.6,2.9,12.7,5.4,,,,,,,,,,,,,,,,,,,,,,,,,SCIENCE AND TECH/ENG,68.0,69.0,17.0,17.0,51.0,52.0,24.0,24.0,6.0,6.0,98.0,86.7,,,,,,,,,,,,,4470000.0,87.0,19.6,24.0,55.0,12.4,109.0,24.6,30.0,28.0,79.8,159.0,59.7,15.8 to 1,,,
Bentley Academy Charter School (District),0.0,59.0,60.0,50.0,53.0,38.0,36.0,0.0,0.0,0.0,0.0,0.0,0.0,0.0,0.0,296.0,14.5,3.7,48.6,31.1,0.0,0.0,2.0,50.7,49.3,,,,,,,,,,,,,,,,     131,14.5,        250,50.0,50.0,16.0,17.6,62.8,,,,,,,,,,,,,,,,,,,,,,,,,SCIENCE AND TECH/ENG,3.0,8.0,0.0,0.0,3.0,8.0,18.0,47.0,17.0,45.0,38.0,48.0,,,,,,,,,,,,,35110000.0,112.0,37.8,56.0,51.0,17.2,225.0,76.0,198.0,32.0,100.0,117.0,100.0,8.0 to 1,,,
Berkshire Arts and Technology Charter Public,,,,,,,,,,,,,,,,,,,,,,,,,,,,,,,,,,,,,,,,,,,,,,,,,,,,,,,,,,,,,,,19.0,14.0,73.7,0.0,7.1,64.3,28.6,64.3,14.3,0.0,,,,,,,,,,,,,,,,,,,,,,,,,,,,,,,,,,,,,,,,,,
Berkshire Arts and Technology Charter Public (District),0.0,0.0,0.0,0.0,0.0,0.0,0.0,60.0,73.0,70.0,48.0,34.0,38.0,31.0,0.0,354.0,12.4,3.4,8.8,70.6,0.3,0.3,4.2,50.0,50.0,      35,      41,      29,       6,       0,       0,       0,,       7,      12,      16,       5,       1,46.3,53.7,     186,14.4,        351,51.9,47.9,1.4,24.2,39.9,     147,       1,0.7,0.0,1.9,0.0,0.0,        16,87.5,6.3,0.0,0.0,6.3,0.0,,,,,,,,,,,SCIENCE AND TECH/ENG,51.0,49.0,19.0,18.0,32.0,30.0,40.0,38.0,14.0,13.0,105.0,75.0,,,,,,,,,,573.0,,561.0,4140000.0,7.0,2.0,4.0,77.0,21.8,192.0,54.2,150.0,33.0,52.7,155.0,92.3,10.8 to 1,,,
Blackstone Valley Regional Vocational Technical,0.0,0.0,0.0,0.0,0.0,0.0,0.0,0.0,0.0,0.0,311.0,311.0,305.0,296.0,0.0,1223.0,0.4,1.4,3.4,93.0,0.0,0.0,1.8,50.1,49.9,     262,     409,     150,      84,      22,       5,       1,,      97,     132,     118,      46,      16,56.0,44.0,     787,17.3,"      1,209",51.9,48.1,0.2,8.9,9.6,"   1,206",       1,0.1,0.3,0.0,0.0,0.0,       288,99.3,0.7,0.0,0.0,0.0,0.0,280.0,222.0,79.3,0.0,37.8,16.7,45.5,15.3,25.2,12.2,SCIENCE AND TECH/ENG,288.0,99.0,160.0,55.0,128.0,44.0,3.0,1.0,0.0,0.0,291.0,99.7,,,"      $22,611,266.00","      1,190.7","         $18,989.89","      $22,611,266.00","      1,190.7","         $18,989.89",,549.0,,542.0,8050000.0,9.0,0.7,3.0,116.0,9.5,227.0,18.6,125.0,94.0,96.8,337.0,100.0,12.8 to 1,"      $7,563,689","  $80,294",     94
Blue Hills Regional Vocational Technical,0.0,0.0,0.0,0.0,0.0,0.0,0.0,0.0,0.0,0.0,224.0,201.0,214.0,215.0,0.0,854.0,22.0,0.9,12.4,59.4,0.7,0.1,4.4,55.4,44.6,      26,      35,      17,       9,       0,       0,       0,,       2,      12,      17,       3,       1,40.0,60.0,     434,14.7,        856,44.6,55.4,0.2,25.4,21.7,     867,       1,0.1,0.0,0.0,0.4,0.0,       219,96.3,1.8,0.0,0.5,1.4,0.0,184.0,117.0,63.6,0.0,40.2,36.8,23.1,36.8,12.8,5.1,SCIENCE AND TECH/ENG,159.0,76.0,67.0,32.0,92.0,44.0,45.0,22.0,4.0,2.0,208.0,91.2,,,"      $19,388,905.00",        864.7,"         $22,422.70","      $19,388,905.00",        864.7,"         $22,422.70",,513.0,,501.0,8060000.0,72.0,8.4,4.0,227.0,26.6,385.0,45.1,191.0,81.0,97.5,213.0,100.0,10.8 to 1,"      $6,405,107","  $76,708",     84
Boston Collegiate Charter,,,,,,,,,,,,,,,,,,,,,,,,,,,,,,,,,,,,,,,,,,,,,,,,,,,,,,,,,,,,,,,56.0,46.0,82.1,0.0,28.3,17.4,54.3,17.4,30.4,21.7,,,,,,,,,,,,,,,,,,,,,,,,,,,,,,,,,,,,,,,,,,
Boston Collegiate Charter (District),0.0,0.0,0.0,0.0,0.0,0.0,96.0,99.0,98.0,94.0,87.0,75.0,75.0,76.0,0.0,700.0,29.4,2.0,18.3,47.4,0.6,0.0,2.3,48.7,51.3,     103,     203,      37,      35,      28,       3,       0,,      28,      52,      69,      42,      12,39.4,60.6,     272,20.7,        684,52.0,48.0,3.2,17.7,26.9,     302,       1,0.3,0.0,0.0,0.0,1.4,        65,95.4,4.6,0.0,0.0,0.0,0.0,,,,,,,,,,,SCIENCE AND TECH/ENG,150.0,59.0,47.0,19.0,103.0,41.0,86.0,34.0,17.0,7.0,253.0,83.1,,,,,,,,,,561.0,,571.0,4490000.0,86.0,12.3,25.0,115.0,16.4,317.0,45.3,218.0,66.0,72.6,213.0,85.9,10.3 to 1,,,
Boston Day and Evening Academy Charter,,,,,,,,,,,,,,,,,,,,,,,,,,,,,,,,,,,,,,,,,,,,,,,,,,,,,,,,,,,,,,,60.0,32.0,53.3,0.0,25.0,53.1,21.9,53.1,3.1,18.8,,,,,,,,,,,,,,,,,,,,,,,,,,,,,,,,,,,,,,,,,,
Boston Day and Evening Academy Charter (District),0.0,0.0,0.0,0.0,0.0,0.0,0.0,0.0,0.0,0.0,107.0,47.0,2.0,248.0,0.0,404.0,45.0,1.2,43.6,5.4,0.5,0.0,4.2,46.5,53.5,,,,,,,,,,,,,,,,     287,18.8,        498,56.0,44.0,9.6,25.3,51.2,     404,      85,21.0,23.0,28.1,,19.4,       134,11.2,63.4,0.0,0.7,24.6,0.0,,,,,,,,,,,SCIENCE AND TECH/ENG,2.0,14.0,0.0,0.0,2.0,14.0,8.0,57.0,4.0,29.0,14.0,53.6,,,,,,,,,,467.0,,459.0,4240000.0,65.0,16.1,32.0,103.0,25.5,278.0,68.8,226.0,23.0,96.7,262.0,98.5,17.6 to 1,,,
Boston Green Academy Horace Mann Charter School,,,,,,,,,,,,,,,,,,,,,,,,,,,,,,,,,,,,,,,,,,,,,,,,,,,,,,,,,,,,,,,63.0,47.0,74.6,0.0,44.7,31.9,23.4,31.9,12.8,10.6,,,,,,,,,,,,,,,,,,,,,,,,,,,,,,,,,,,,,,,,,,
Boston Green Academy Horace Mann Charter School (District),0.0,0.0,0.0,0.0,0.0,0.0,0.0,45.0,60.0,62.0,88.0,84.0,58.0,74.0,0.0,471.0,50.3,2.3,37.6,7.2,0.4,0.0,2.1,52.9,47.1,      43,      64,      26,      13,       4,       0,       0,,      40,      17,       4,       3,       0,89.1,10.9,     332,14.4,        462,49.6,50.4,7.1,29.4,60.4,     291,      11,3.8,6.3,0.0,2.9,5.1,        67,74.6,22.4,0.0,1.5,1.5,0.0,,,,,,,,,,,SCIENCE AND TECH/ENG,24.0,22.0,0.0,0.0,24.0,22.0,54.0,50.0,29.0,27.0,107.0,58.6,,,,,,,,,,445.0,,459.0,4110000.0,163.0,34.6,65.0,152.0,32.3,378.0,80.3,314.0,52.0,80.5,260.0,100.0,9.2 to 1,,,
Boston Preparatory Charter Public,,,,,,,,,,,,,,,,,,,,,,,,,,,,,,,,,,,,,,,,,,,,,,,,,,,,,,,,,,,,,,,42.0,40.0,95.2,0.0,40.0,15.0,45.0,15.0,27.5,15.0,,,,,,,,,,,,,,,,,,,,,,,,,,,,,,,,,,,,,,,,,,
Boston Preparatory Charter Public (District),0.0,0.0,0.0,0.0,0.0,0.0,0.0,87.0,52.0,61.0,89.0,61.0,61.0,52.0,0.0,463.0,67.0,0.9,28.1,1.9,0.0,0.2,1.9,51.8,48.2,      23,      39,       7,      16,       0,       0,       0,,      12,      13,      11,       2,       1,64.1,35.9,      87,33.4,        418,48.6,51.4,10.0,23.9,38.0,     237,       0,0.0,0.0,0.0,0.0,0.0,        43,86.0,14.0,0.0,0.0,0.0,0.0,,,,,,,,,,,SCIENCE AND TECH/ENG,73.0,56.0,18.0,14.0,55.0,42.0,48.0,37.0,10.0,8.0,131.0,80.3,,,,,,,,,,500.0,,533.0,4160000.0,120.0,25.9,84.0,106.0,22.9,294.0,63.5,195.0,37.0,67.7,53.0,58.5,11.2 to 1,,,
Boston Renaissance Charter Public (District),118.0,131.0,141.0,141.0,117.0,115.0,97.0,78.0,0.0,0.0,0.0,0.0,0.0,0.0,0.0,938.0,62.3,0.3,32.2,1.5,0.1,0.0,3.6,47.9,52.1,,,,,,,,,,,,,,,,     242,18.6,        941,50.9,49.1,6.9,14.3,46.2,,,,,,,,,,,,,,,,,,,,,,,,,SCIENCE AND TECH/ENG,36.0,36.0,7.0,7.0,29.0,29.0,48.0,48.0,16.0,16.0,100.0,69.0,,,,,,,,,,,,,4810000.0,197.0,21.0,85.0,121.0,12.9,573.0,61.1,468.0,76.0,76.8,344.0,75.0,12.6 to 1,,,
Bridge Boston Charter School (District),36.0,39.0,40.0,40.0,40.0,40.0,38.0,35.0,0.0,0.0,0.0,0.0,0.0,0.0,0.0,308.0,64.9,1.3,29.9,0.6,0.0,0.3,2.9,48.7,51.3,,,,,,,,,,,,,,,,      63,18.2,        270,53.0,47.0,25.6,22.2,56.3,,,,,,,,,,,,,,,,,,,,,,,,,SCIENCE AND TECH/ENG,7.0,21.0,2.0,6.0,5.0,15.0,15.0,44.0,12.0,35.0,34.0,57.4,,,,,,,,,,,,,4170000.0,125.0,40.6,73.0,69.0,22.4,233.0,75.6,181.0,26.0,73.9,100.0,73.0,10.2 to 1,,,
Bristol-Plymouth Regional Vocational Technical,0.0,0.0,0.0,0.0,0.0,0.0,0.0,0.0,0.0,0.0,360.0,326.0,306.0,286.0,0.0,1278.0,3.4,0.7,7.0,85.5,0.5,0.0,2.9,56.6,43.2,     104,     127,      81,      23,       0,       0,       0,,      26,      47,      39,      12,       3,57.5,42.5,     991,17.7,"      1,303",42.1,57.7,0.2,18.9,24.3,"   1,303",       5,0.4,0.0,0.0,1.3,0.3,       317,98.7,0.6,0.0,0.3,0.3,0.0,297.0,170.0,57.2,0.6,24.7,39.4,35.3,38.2,22.4,9.4,SCIENCE AND TECH/ENG,208.0,70.0,53.0,18.0,155.0,52.0,81.0,27.0,8.0,3.0,297.0,88.9,,,"      $23,992,147.00","      1,266.3","         $18,946.65","      $24,026,297.00","      1,273.1","         $18,872.28",,522.0,,511.0,8100000.0,44.0,3.4,3.0,238.0,18.6,488.0,38.2,323.0,94.0,100.0,626.0,100.0,13.9 to 1,"      $8,940,007","  $85,550",    105
Brooke Charter School (District),0.0,178.0,184.0,180.0,187.0,187.0,186.0,188.0,174.0,138.0,66.0,68.0,0.0,0.0,0.0,1736.0,54.3,1.8,37.4,4.7,0.2,0.0,1.6,48.6,51.4,,,,,,,,,,,,,,,,     778,19.0,"      1,611",51.2,48.8,7.0,9.5,43.4,      68,       7,10.3,10.3,,,,,,,,,,,,,,,,,,,,,SCIENCE AND TECH/ENG,174.0,61.0,45.0,16.0,129.0,45.0,100.0,35.0,10.0,4.0,284.0,85.5,,,,,,,,,,,,,4280000.0,292.0,16.8,131.0,169.0,9.7,983.0,56.6,815.0,110.0,72.5,692.0,92.3,14.6 to 1,,,
Cape Cod Lighthouse Charter (District),0.0,0.0,0.0,0.0,0.0,0.0,0.0,80.0,81.0,81.0,0.0,0.0,0.0,0.0,0.0,242.0,2.9,0.8,4.1,86.4,0.0,0.0,5.8,45.5,54.5,,,,,,,,,,,,,,,,      77,30.8,        243,57.6,42.4,0.8,14.0,12.3,,,,,,,,,,,,,,,,,,,,,,,,,SCIENCE AND TECH/ENG,39.0,49.0,1.0,1.0,38.0,48.0,35.0,44.0,5.0,6.0,79.0,77.5,,,,,,,,,,,,,4320000.0,3.0,1.2,3.0,33.0,13.6,74.0,30.6,46.0,21.0,86.0,48.0,87.5,11.3 to 1,,,
Cape Cod Regional Vocational Technical,0.0,0.0,0.0,0.0,0.0,0.0,0.0,0.0,0.0,0.0,144.0,163.0,138.0,142.0,3.0,590.0,6.3,0.7,9.7,76.3,1.9,0.2,5.1,64.1,35.9,      25,      32,      18,       7,       0,       0,       0,,       6,      16,       8,       0,       2,68.8,31.3,     415,14.4,        640,38.3,61.7,2.8,24.1,34.1,     621,       7,1.1,0.0,0.0,0.6,4.0,       147,89.8,4.1,0.0,0.7,4.8,0.7,123.0,50.0,40.7,0.0,20.0,54.0,26.0,52.0,14.0,4.0,SCIENCE AND TECH/ENG,82.0,68.0,16.0,13.0,66.0,55.0,36.0,30.0,3.0,2.0,121.0,88.0,,,"      $15,355,643.00",        622.8,"         $24,655.82","      $15,381,904.00",        626.6,"         $24,548.20",,502.0,,496.0,8150000.0,18.0,3.1,9.0,172.0,29.2,330.0,55.9,214.0,67.0,94.0,191.0,93.7,9.3 to 1,"      $4,952,829","  $72,516",     68
Christa McAuliffe Charter Public (District),0.0,0.0,0.0,0.0,0.0,0.0,0.0,139.0,141.0,115.0,0.0,0.0,0.0,0.0,0.0,395.0,4.6,5.6,21.3,60.0,0.8,0.3,7.6,52.9,47.1,,,,,,,,,,,,,,,,     178,19.9,        394,47.5,52.5,3.6,23.1,15.2,,,,,,,,,,,,,,,,,,,,,,,,,SCIENCE AND TECH/ENG,57.0,47.0,4.0,3.0,53.0,44.0,49.0,41.0,15.0,12.0,121.0,76.4,,,,,,,,,,,,,4180000.0,40.0,10.1,15.0,88.0,22.3,157.0,39.7,73.0,35.0,68.4,119.0,84.9,11.3 to 1,,,
City on a Hill Charter Public School Circuit Street (District),0.0,0.0,0.0,0.0,0.0,0.0,0.0,0.0,0.0,0.0,123.0,72.0,52.0,36.0,0.0,283.0,68.9,0.0,27.2,2.8,0.0,0.0,1.1,47.7,51.6,      36,      53,      21,      13,       2,       0,       0,,      22,      17,       8,       5,       1,73.6,26.4,     115,13.1,        269,54.6,45.4,13.0,21.6,55.4,     279,       3,1.1,0.9,3.0,0.0,0.0,        52,80.8,11.5,0.0,3.8,1.9,1.9,45.0,41.0,91.1,0.0,58.5,14.6,26.8,14.6,7.3,19.5,SCIENCE AND TECH/ENG,36.0,72.0,6.0,12.0,30.0,60.0,10.0,20.0,4.0,8.0,50.0,87.5,,,,,,,,,,,,,4370000.0,87.0,30.7,38.0,65.0,23.0,202.0,71.4,158.0,25.0,80.9,80.0,91.3,11.1 to 1,,,
City on a Hill Charter Public School Dudley Square (District),0.0,0.0,0.0,0.0,0.0,0.0,0.0,0.0,0.0,0.0,88.0,71.0,62.0,51.0,0.0,272.0,69.9,2.6,25.0,0.4,0.0,0.4,1.8,45.6,54.4,      14,      14,      14,       0,       0,       0,       0,,      10,       2,       2,       0,       0,85.7,14.3,     111,13.7,        266,59.0,41.0,12.0,24.4,54.5,     281,       5,1.8,3.5,0.0,1.8,0.0,        51,72.5,19.6,0.0,0.0,5.9,2.0,,,,,,,,,,,SCIENCE AND TECH/ENG,47.0,72.0,13.0,20.0,34.0,52.0,11.0,17.0,7.0,11.0,65.0,88.1,,,,,,,,,,,,,35040000.0,100.0,36.8,52.0,59.0,21.7,209.0,76.8,158.0,25.0,71.1,87.0,87.4,11.1 to 1,,,
City on a Hill Charter Public School New Bedford (District),0.0,0.0,0.0,0.0,0.0,0.0,0.0,0.0,0.0,0.0,107.0,62.0,42.0,25.0,0.0,236.0,13.6,1.3,46.2,34.3,0.0,0.0,4.7,46.2,53.4,,,,,,,,,,,,,,,,      60,14.4,        172,51.2,48.8,19.2,30.8,71.5,     177,      10,5.6,8.8,1.8,0.0,,,,,,,,,,,,,,,,,,,SCIENCE AND TECH/ENG,27.0,63.0,7.0,16.0,20.0,47.0,8.0,19.0,8.0,19.0,43.0,78.5,,,,,,,,,,,,,35070000.0,81.0,34.3,41.0,70.0,29.7,188.0,79.7,162.0,13.0,80.2,51.0,51.0,13.3 to 1,,,
Codman Academy Charter Public (District),20.0,19.0,20.0,20.0,20.0,20.0,19.0,20.0,16.0,20.0,41.0,39.0,43.0,28.0,0.0,345.0,76.8,0.0,21.2,0.3,0.3,0.6,0.9,51.0,49.0,      11,      16,       6,       5,       0,       0,       0,,      12,       4,       0,       0,       0,100.0,0.0,     117,15.9,        353,49.9,50.1,7.9,23.5,48.2,     155,       1,0.6,2.2,0.0,0.0,0.0,        33,81.8,6.1,0.0,3.0,9.1,0.0,27.0,22.0,81.5,0.0,36.4,22.7,40.9,22.7,9.1,27.3,SCIENCE AND TECH/ENG,21.0,26.0,3.0,4.0,18.0,22.0,35.0,43.0,26.0,32.0,82.0,57.6,,,,,,,,,,426.0,,417.0,4380000.0,46.0,13.3,21.0,70.0,20.3,230.0,66.7,183.0,36.0,60.5,97.0,67.0,10.0 to 1,,,
Collegiate Charter School of Lowell (District),0.0,99.0,111.0,108.0,95.0,125.0,93.0,64.0,64.0,0.0,0.0,0.0,0.0,0.0,0.0,759.0,18.8,22.9,37.2,15.5,0.1,0.0,5.4,49.7,50.3,,,,,,,,,,,,,,,,     199,26.2,        625,51.2,48.8,18.4,13.8,36.6,,,,,,,,,,,,,,,,,,,,,,,,,SCIENCE AND TECH/ENG,17.0,29.0,8.0,14.0,9.0,15.0,31.0,53.0,11.0,19.0,59.0,64.0,,,,,,,,,,,,,35030000.0,345.0,45.5,146.0,83.0,10.9,466.0,61.4,321.0,33.0,84.8,162.0,98.1,19.6 to 1,,,
Community Charter School of Cambridge,,,,,,,,,,,,,,,,,,,,,,,,,,,,,,,,,,,,,,,,,,,,,,,,,,,,,,,,,,,,,,,52.0,46.0,88.5,0.0,39.1,21.7,39.1,21.7,8.7,28.3,,,,,,,,,,,,,,,,,,,,,,,,,,,,,,,,,,,,,,,,,,
Community Charter School of Cambridge (District),0.0,0.0,0.0,0.0,0.0,0.0,0.0,37.0,65.0,62.0,46.0,50.0,54.0,51.0,0.0,365.0,63.3,4.1,22.5,5.2,0.8,0.0,4.1,49.3,50.7,      88,     136,      56,      17,      14,       1,       0,,      57,      46,      21,       9,       3,75.7,24.3,     370,14.0,        366,52.7,47.3,2.5,18.9,32.0,     234,       0,0.0,0.0,0.0,0.0,0.0,        53,96.2,3.8,0.0,0.0,0.0,0.0,,,,,,,,,,,SCIENCE AND TECH/ENG,54.0,48.0,10.0,9.0,44.0,39.0,49.0,43.0,10.0,9.0,113.0,77.9,,,,,,,,,,515.0,,532.0,4360000.0,121.0,33.2,12.0,64.0,17.5,178.0,48.8,131.0,32.0,69.8,261.0,95.4,11.6 to 1,,,
Community Day Charter Public School - Gateway (District),40.0,40.0,42.0,41.0,42.0,39.0,40.0,36.0,0.0,0.0,0.0,0.0,0.0,0.0,0.0,320.0,1.3,0.6,95.6,2.5,0.0,0.0,0.0,51.3,48.8,,,,,,,,,,,,,,,,      96,20.1,        282,48.6,51.4,59.2,8.5,46.8,,,,,,,,,,,,,,,,,,,,,,,,,SCIENCE AND TECH/ENG,22.0,58.0,8.0,21.0,14.0,37.0,11.0,29.0,5.0,13.0,38.0,78.9,,,,,,,,,,,,,4260000.0,237.0,74.1,93.0,24.0,7.5,253.0,79.1,164.0,28.0,73.6,82.0,100.0,10.2 to 1,,,
Community Day Charter Public School - Prospect (District),44.0,46.0,47.0,50.0,48.0,48.0,42.0,33.0,20.0,22.0,0.0,0.0,0.0,0.0,0.0,400.0,0.5,0.5,96.3,2.8,0.0,0.0,0.0,49.5,50.5,,,,,,,,,,,,,,,,     120,22.3,        400,49.5,50.5,42.5,12.3,43.8,,,,,,,,,,,,,,,,,,,,,,,,,SCIENCE AND TECH/ENG,51.0,61.0,14.0,17.0,37.0,45.0,27.0,33.0,5.0,6.0,83.0,83.4,,,,,,,,,,,,,4400000.0,288.0,72.0,159.0,40.0,10.0,314.0,78.5,215.0,45.0,84.4,102.0,100.0,8.9 to 1,,,
Community Day Charter Public School - R. Kingman Webster (District),42.0,42.0,43.0,42.0,42.0,39.0,38.0,32.0,0.0,0.0,0.0,0.0,0.0,0.0,0.0,320.0,1.6,1.3,93.1,4.1,0.0,0.0,0.0,49.1,50.9,,,,,,,,,,,,,,,,      96,20.1,        280,51.1,48.9,44.3,10.4,51.8,,,,,,,,,,,,,,,,,,,,,,,,,SCIENCE AND TECH/ENG,19.0,59.0,8.0,25.0,11.0,34.0,13.0,41.0,0.0,0.0,32.0,85.9,,,,,,,,,,,,,4310000.0,192.0,60.0,88.0,29.0,9.1,243.0,75.9,167.0,31.0,75.4,82.0,100.0,9.2 to 1,,,
Conservatory Lab Charter (District),51.0,49.0,51.0,52.0,48.0,47.0,43.0,41.0,33.0,35.0,0.0,0.0,0.0,0.0,0.0,450.0,49.1,2.9,35.6,9.3,0.0,0.0,3.1,45.3,54.7,,,,,,,,,,,,,,,,      35,21.7,        435,54.9,45.1,14.5,11.0,38.6,,,,,,,,,,,,,,,,,,,,,,,,,SCIENCE AND TECH/ENG,18.0,26.0,0.0,0.0,18.0,26.0,38.0,56.0,12.0,18.0,68.0,63.2,,,,,,,,,,,,,4390000.0,72.0,16.0,57.0,51.0,11.3,276.0,61.3,206.0,22.0,68.2,83.0,81.9,20.5 to 1,,,
Dudley Street Neighborhood Charter School (District),39.0,38.0,43.0,44.0,43.0,42.0,35.0,0.0,0.0,0.0,0.0,0.0,0.0,0.0,0.0,284.0,62.3,0.0,35.9,0.7,0.0,0.0,1.1,47.5,52.5,,,,,,,,,,,,,,,,      52,20.4,        286,54.5,45.5,23.1,11.5,50.7,,,,,,,,,,,,,,,,,,,,,,,,,SCIENCE AND TECH/ENG,6.0,18.0,2.0,6.0,4.0,12.0,15.0,44.0,13.0,38.0,34.0,54.4,,,,,,,,,,,,,4070000.0,85.0,29.9,58.0,34.0,12.0,206.0,72.5,165.0,21.0,95.3,94.0,85.1,13.9 to 1,,,
Edward M. Kennedy Academy for Health Careers,,,,,,,,,,,,,,,,,,,,,,,,,,,,,,,,,,,,,,,,,,,,,,,,,,,,,,,,,,,,,,,88.0,72.0,81.8,0.0,19.4,36.1,44.4,36.1,16.7,26.4,,,,,,,,,,,,,,,,,,,,,,,,,,,,,,,,,,,,,,,,,,
Edward M. Kennedy Academy for Health Careers (Horace Mann Charter) (District),0.0,0.0,0.0,0.0,0.0,0.0,0.0,0.0,0.0,0.0,107.0,104.0,89.0,80.0,0.0,380.0,42.4,1.8,48.7,3.9,0.3,0.0,2.9,38.4,61.6,     110,     153,      71,      36,       2,       1,       0,,      87,      41,      17,       8,       0,83.7,16.3,     142,19.3,        361,65.7,34.3,12.7,15.5,52.9,     359,       1,0.3,0.0,1.1,0.0,0.0,        86,95.3,3.5,0.0,0.0,1.2,0.0,,,,,,,,,,,SCIENCE AND TECH/ENG,38.0,51.0,1.0,1.0,37.0,50.0,35.0,47.0,1.0,1.0,74.0,81.8,,,,,,,,,,455.0,,451.0,4520000.0,209.0,55.0,68.0,55.0,14.5,276.0,72.6,214.0,29.0,91.6,85.0,96.5,12.5 to 1,,,
Excel Academy Charter (District),0.0,0.0,0.0,0.0,0.0,0.0,169.0,172.0,171.0,172.0,172.0,168.0,103.0,0.0,0.0,1127.0,6.9,1.4,79.1,10.7,1.0,0.4,0.5,49.2,50.8,      59,      74,      44,      15,       0,       0,       0,,       8,      15,      17,      15,      19,31.1,68.9,     349,25.3,        959,50.6,49.4,15.6,20.2,39.7,     279,       0,0.0,0.0,0.0,,,,,,,,,,,,,,,,,,,,SCIENCE AND TECH/ENG,242.0,55.0,77.0,18.0,165.0,38.0,157.0,36.0,38.0,9.0,437.0,80.8,,,,,,,,,,,,,4100000.0,691.0,61.3,164.0,218.0,19.3,736.0,65.3,519.0,86.0,56.9,231.0,79.2,11.1 to 1,,,
Four Rivers Charter Public,,,,,,,,,,,,,,,,,,,,,,,,,,,,,,,,,,,,,,,,,,,,,,,,,,,,,,,,,,,,,,,35.0,25.0,71.4,0.0,36.0,36.0,28.0,36.0,8.0,4.0,,,,,,,,,,,,,,,,,,,,,,,,,,,,,,,,,,,,,,,,,,
Four Rivers Charter Public (District),0.0,0.0,0.0,0.0,0.0,0.0,0.0,0.0,36.0,36.0,38.0,38.0,37.0,37.0,0.0,222.0,0.5,1.4,7.7,85.6,0.0,0.0,5.0,50.0,50.0,,,,,,,,,,,,,,,,     347,13.5,        221,52.0,48.0,0.5,15.4,21.3,     147,       4,2.7,0.0,2.6,2.7,5.9,        39,84.6,2.6,0.0,10.3,2.6,0.0,,,,,,,,,,,SCIENCE AND TECH/ENG,51.0,73.0,20.0,29.0,31.0,44.0,18.0,26.0,1.0,1.0,70.0,89.3,,,,,,,,,,585.0,,545.0,4130000.0,3.0,1.4,0.0,28.0,12.6,83.0,37.4,64.0,22.0,57.8,131.0,96.9,10.0 to 1,,,
Foxborough Regional Charter,,,,,,,,,,,,,,,,,,,,,,,,,,,,,,,,,,,,,,,,,,,,,,,,,,,,,,,,,,,,,,,64.0,56.0,87.5,0.0,35.7,12.5,51.8,12.5,17.9,23.2,,,,,,,,,,,,,,,,,,,,,,,,,,,,,,,,,,,,,,,,,,
Foxborough Regional Charter (District),0.0,130.0,132.0,134.0,136.0,133.0,135.0,136.0,128.0,125.0,85.0,72.0,66.0,57.0,0.0,1469.0,42.1,10.2,4.9,37.2,0.3,0.1,5.2,47.1,52.9,     109,     191,      49,      44,      10,       6,       0,,      24,      49,      47,      43,      28,38.2,61.8,     540,22.9,"      1,270",52.7,47.3,14.5,8.7,16.0,     265,       1,0.4,0.0,0.0,0.0,1.7,        61,96.7,1.6,0.0,0.0,1.6,0.0,,,,,,,,,,,SCIENCE AND TECH/ENG,153.0,54.0,47.0,17.0,106.0,37.0,112.0,39.0,19.0,7.0,284.0,80.1,,,,,,,,,,577.0,,544.0,4460000.0,326.0,22.2,196.0,127.0,8.6,559.0,38.1,316.0,92.0,81.8,429.0,96.0,13.7 to 1,,,
Francis W. Parker Charter Essential,,,,,,,,,,,,,,,,,,,,,,,,,,,,,,,,,,,,,,,,,,,,,,,,,,,,,,,,,,,,,,,47.0,43.0,91.5,0.0,55.8,7.0,37.2,7.0,7.0,23.3,,,,,,,,,,,,,,,,,,,,,,,,,,,,,,,,,,,,,,,,,,
Francis W. Parker Charter Essential (District),0.0,0.0,0.0,0.0,0.0,0.0,0.0,0.0,69.0,73.0,68.0,58.0,61.0,67.0,0.0,396.0,0.5,1.8,2.8,90.2,0.0,0.0,4.8,46.0,53.8,      12,      12,      12,       0,       0,       0,       0,,       1,       3,       3,       4,       1,33.3,66.7,     232,17.6,        394,53.8,45.9,0.0,15.7,5.6,     262,       0,0.0,0.0,0.0,0.0,0.0,        62,88.7,9.7,0.0,0.0,1.6,0.0,,,,,,,,,,,SCIENCE AND TECH/ENG,79.0,64.0,15.0,12.0,64.0,52.0,40.0,32.0,5.0,4.0,124.0,85.5,,,,,,,,,,620.0,,562.0,4780000.0,8.0,2.0,0.0,56.0,14.1,80.0,20.2,25.0,46.0,61.0,200.0,100.0,8.6 to 1,,,
Franklin County Regional Vocational Technical,0.0,0.0,0.0,0.0,0.0,0.0,0.0,0.0,0.0,0.0,126.0,127.0,121.0,113.0,0.0,487.0,1.2,0.2,2.7,95.7,0.0,0.0,0.2,69.4,30.6,      32,      44,      20,      12,       0,       0,       0,,      27,      12,       2,       3,       0,88.6,11.4,     280,14.1,        484,32.2,67.8,0.0,28.1,34.9,     488,       7,1.4,0.0,2.3,1.7,1.8,       123,88.6,3.3,0.0,0.8,7.3,0.0,119.0,40.0,33.6,0.0,7.5,80.0,12.5,77.5,7.5,2.5,SCIENCE AND TECH/ENG,73.0,66.0,11.0,10.0,62.0,56.0,33.0,30.0,4.0,4.0,110.0,87.3,,,"      $11,412,043.00",        480.0,"         $23,775.09","      $11,419,643.00",        481.5,"         $23,716.81",,551.0,,530.0,8180000.0,1.0,0.2,1.0,154.0,31.6,261.0,53.6,180.0,52.0,96.1,136.0,97.8,9.4 to 1,"      $3,975,523","  $71,890",     55
Global Learning Charter Public,,,,,,,,,,,,,,,,,,,,,,,,,,,,,,,,,,,,,,,,,,,,,,,,,,,,,,,,,,,,,,,33.0,29.0,87.9,0.0,20.7,48.3,31.0,48.3,6.9,20.7,,,,,,,,,,,,,,,,,,,,,,,,,,,,,,,,,,,,,,,,,,
Global Learning Charter Public (District),0.0,0.0,0.0,0.0,0.0,0.0,89.0,88.0,92.0,88.0,32.0,35.0,47.0,38.0,0.0,509.0,10.2,0.8,36.0,47.2,0.8,0.0,5.1,50.3,49.7,,,,,,,,,,,,,,,,     375,14.6,        497,49.1,50.9,10.9,12.9,46.1,     180,       3,1.7,2.4,0.0,4.7,0.0,        51,96.1,2.0,0.0,0.0,2.0,0.0,,,,,,,,,,,SCIENCE AND TECH/ENG,95.0,48.0,17.0,9.0,78.0,40.0,79.0,40.0,22.0,11.0,196.0,76.3,,,,,,,,,,494.0,,500.0,4960000.0,134.0,26.3,44.0,74.0,14.5,322.0,63.3,261.0,41.0,89.0,233.0,100.0,12.4 to 1,,,
Greater Fall River Regional Vocational Technical,0.0,0.0,0.0,0.0,0.0,0.0,0.0,0.0,0.0,0.0,375.0,361.0,333.0,328.0,1.0,1398.0,2.3,1.7,9.8,79.5,0.5,0.1,6.1,55.8,44.2,      28,      28,      28,       0,       0,       0,       0,,       0,      17,      10,       1,       0,60.7,39.3,     892,13.6,"      1,372",44.1,55.9,1.7,9.5,33.9,"   1,394",      12,0.9,0.3,0.9,0.9,1.5,       338,97.6,0.3,0.6,0.0,1.5,0.0,337.0,187.0,55.5,2.1,13.9,63.6,20.3,62.0,4.8,15.0,SCIENCE AND TECH/ENG,270.0,84.0,102.0,32.0,168.0,52.0,48.0,15.0,4.0,1.0,322.0,93.9,,,"      $27,667,471.00","      1,374.1","         $20,134.98","      $27,757,430.00","      1,382.0","         $20,084.97",,495.0,,501.0,8210000.0,82.0,5.9,31.0,147.0,10.5,625.0,44.7,523.0,133.0,98.5,500.0,100.0,10.5 to 1,"     $11,166,331","  $79,250",    141
Greater Lawrence Regional Vocational Technical,0.0,0.0,0.0,0.0,0.0,0.0,0.0,0.0,0.0,0.0,419.0,396.0,378.0,316.0,0.0,1509.0,0.9,1.2,82.0,15.8,0.1,0.0,0.0,49.9,50.1,      12,      12,      12,       0,       0,       0,       0,,       4,       5,       2,       1,       0,75.0,25.0,"   1,298",13.8,"      1,450",50.8,49.2,10.3,21.3,48.8,"   1,473",       8,0.5,0.0,0.3,0.9,1.2,       330,93.0,1.5,1.5,0.6,3.3,0.0,304.0,171.0,56.3,0.0,13.5,76.6,9.9,76.0,4.1,4.7,SCIENCE AND TECH/ENG,228.0,62.0,36.0,10.0,192.0,53.0,118.0,32.0,19.0,5.0,365.0,85.2,,,"      $29,821,593.00","      1,373.6","         $21,710.54","      $30,545,587.00","      1,490.9","         $20,488.02",,441.0,,453.0,8230000.0,676.0,44.8,187.0,310.0,20.5,1065.0,70.6,796.0,135.0,99.3,313.0,100.0,10.9 to 1,"     $10,891,707","  $83,206",    131
Greater Lowell Regional Vocational Technical,0.0,0.0,0.0,0.0,0.0,0.0,0.0,0.0,0.0,0.0,620.0,564.0,545.0,513.0,28.0,2270.0,3.7,16.3,32.2,44.2,0.3,0.0,3.3,55.4,44.6,      63,      63,      63,       0,       0,       0,       0,,       7,      36,      18,       2,       0,68.3,31.7,"   1,334",18.4,"      2,175",44.9,55.1,5.4,20.9,41.1,"   2,159",      10,0.5,0.0,0.4,0.6,1.0,       487,96.1,2.3,0.0,0.2,1.4,0.0,492.0,258.0,52.4,0.0,13.2,70.5,16.3,68.6,10.5,5.0,SCIENCE AND TECH/ENG,329.0,65.0,76.0,15.0,253.0,50.0,151.0,30.0,25.0,5.0,505.0,86.7,,,"      $41,011,421.00","      2,102.8","         $19,503.24","      $41,144,620.00","      2,128.1","         $19,333.97",,488.0,,494.0,8280000.0,589.0,25.9,143.0,483.0,21.3,1382.0,60.9,1021.0,175.0,99.4,454.0,100.0,12.5 to 1,"     $15,303,584","  $83,577",    183
Greater New Bedford Regional Vocational Technical,0.0,0.0,0.0,0.0,0.0,0.0,0.0,0.0,0.0,0.0,557.0,563.0,526.0,507.0,0.0,2153.0,8.1,0.8,21.6,65.1,0.5,0.0,3.9,50.3,49.7,      65,      83,      53,       6,       6,       0,       0,,      12,      32,      24,      12,       3,53.0,47.0,"   1,531",14.1,"      2,145",50.3,49.7,2.6,11.2,35.7,"   2,154",      42,1.9,0.4,1.6,1.9,4.1,       539,89.8,1.5,0.6,0.0,7.4,0.7,456.0,267.0,58.6,2.2,14.6,61.0,22.1,60.7,9.0,10.9,SCIENCE AND TECH/ENG,385.0,74.0,106.0,20.0,279.0,53.0,116.0,22.0,21.0,4.0,522.0,89.0,,,"      $41,603,420.00","      2,111.6","         $19,702.32","      $41,628,420.00","      2,116.6","         $19,667.59",,508.0,,492.0,8250000.0,447.0,20.8,67.0,240.0,11.1,1036.0,48.1,870.0,204.0,98.5,501.0,98.6,10.6 to 1,"     $15,938,850","  $90,408",    176
Hampden Charter School of Science,,,,,,,,,,,,,,,,,,,,,,,,,,,,,,,,,,,,,,,,,,,,,,,,,,,,,,,,,,,,,,,42.0,40.0,95.2,0.0,22.5,57.5,20.0,55.0,5.0,15.0,,,,,,,,,,,,,,,,,,,,,,,,,,,,,,,,,,,,,,,,,,
Hampden Charter School of Science (District),,,,,,,,,,,,,,,,,,,,,,,,,,      24,      30,      18,       6,       0,       0,       0,,       3,      10,       7,       8,       2,43.3,56.7,     308,16.5,        439,52.8,47.2,3.6,9.6,40.1,     197,       0,0.0,0.0,0.0,0.0,0.0,        37,97.3,2.7,0.0,0.0,0.0,0.0,,,,,,,,,,,SCIENCE AND TECH/ENG,70.0,61.0,21.0,18.0,49.0,43.0,39.0,34.0,6.0,5.0,115.0,83.9,,,,,,,,,,506.0,,539.0,,,,,,,,,,38.0,74.5,245.0,100.0,12.7 to 1,,,
Hampden Charter School of Science East (District),0.0,0.0,0.0,0.0,0.0,0.0,0.0,86.0,109.0,85.0,76.0,67.0,37.0,30.0,1.0,491.0,27.5,2.4,31.8,36.7,0.0,0.0,1.6,48.1,51.9,,,,,,,,,,,,,,,,,,,,,,,,,,,,,,,,,,,,,,,,,,,,,,,,,,,,,,,,,,,,,,,,,,,,,,,,,4990000.0,21.0,4.3,19.0,51.0,10.4,237.0,48.3,205.0,,,,,,,,
Helen Y. Davis Leadership Academy Charter Public (District),0.0,0.0,0.0,0.0,0.0,0.0,0.0,60.0,73.0,81.0,0.0,0.0,0.0,0.0,0.0,214.0,76.6,0.5,21.0,0.9,0.5,0.5,0.0,54.7,45.3,,,,,,,,,,,,,,,,     122,17.2,        217,41.9,58.1,12.0,26.3,49.8,,,,,,,,,,,,,,,,,,,,,,,,,SCIENCE AND TECH/ENG,4.0,6.0,0.0,0.0,4.0,6.0,28.0,40.0,38.0,54.0,70.0,46.1,,,,,,,,,,,,,4190000.0,21.0,9.8,8.0,62.0,29.0,162.0,75.7,127.0,17.0,64.7,74.0,81.1,12.8 to 1,,,
Hill View Montessori Charter Public (District),0.0,36.0,31.0,37.0,35.0,35.0,33.0,35.0,30.0,31.0,0.0,0.0,0.0,0.0,0.0,303.0,5.6,0.7,21.5,69.3,0.0,0.0,3.0,42.6,57.4,,,,,,,,,,,,,,,,     112,20.4,        302,57.6,42.4,3.0,12.9,15.9,,,,,,,,,,,,,,,,,,,,,,,,,SCIENCE AND TECH/ENG,19.0,28.0,1.0,1.0,18.0,26.0,38.0,56.0,11.0,16.0,68.0,67.3,,,,,,,,,,,,,4550000.0,9.0,3.0,7.0,45.0,14.9,95.0,31.4,55.0,20.0,77.8,97.0,84.5,15.3 to 1,,,
Hilltown Cooperative Charter Public (District),0.0,20.0,20.0,21.0,21.0,21.0,21.0,32.0,30.0,32.0,0.0,0.0,0.0,0.0,0.0,218.0,0.5,1.4,6.0,80.7,0.0,0.0,11.5,53.7,46.3,,,,,,,,,,,,,,,,      41,31.7,        218,46.8,53.2,0.0,20.2,10.6,,,,,,,,,,,,,,,,,,,,,,,,,SCIENCE AND TECH/ENG,38.0,75.0,8.0,16.0,30.0,59.0,11.0,22.0,2.0,4.0,51.0,90.2,,,,,,,,,,,,,4500000.0,1.0,0.5,0.0,41.0,18.8,60.0,27.5,35.0,20.0,91.6,55.0,100.0,11.0 to 1,,,
Holyoke Community Charter (District),0.0,78.0,84.0,90.0,87.0,88.0,85.0,75.0,72.0,43.0,0.0,0.0,0.0,0.0,0.0,702.0,1.7,0.4,91.2,5.0,0.0,0.0,1.7,42.5,57.5,,,,,,,,,,,,,,,,     191,25.2,        702,57.0,43.0,13.4,18.4,66.1,,,,,,,,,,,,,,,,,,,,,,,,,SCIENCE AND TECH/ENG,44.0,31.0,7.0,5.0,37.0,26.0,69.0,49.0,29.0,20.0,142.0,64.8,,,,,,,,,,,,,4530000.0,184.0,26.2,108.0,123.0,17.5,540.0,76.9,489.0,53.0,72.2,143.0,92.3,13.4 to 1,,,
Innovation Academy Charter,,,,,,,,,,,,,,,,,,,,,,,,,,,,,,,,,,,,,,,,,,,,,,,,,,,,,,,,,,,,,,,65.0,59.0,90.8,0.0,49.2,20.3,30.5,20.3,8.5,15.3,,,,,,,,,,,,,,,,,,,,,,,,,,,,,,,,,,,,,,,,,,
Innovation Academy Charter (District),0.0,0.0,0.0,0.0,0.0,0.0,100.0,100.0,100.0,100.0,110.0,98.0,100.0,94.0,0.0,802.0,4.1,7.4,7.2,76.9,0.0,0.0,4.4,48.0,52.0,,,,,,,,,,,,,,,,     481,18.1,        793,52.0,48.0,2.8,18.9,9.0,     388,       2,0.5,1.1,1.0,0.0,0.0,        96,90.6,4.2,0.0,4.2,1.0,0.0,,,,,,,,,,,SCIENCE AND TECH/ENG,155.0,53.0,24.0,8.0,131.0,45.0,118.0,40.0,20.0,7.0,293.0,79.7,,,,,,,,,,585.0,,570.0,4350000.0,46.0,5.7,16.0,152.0,19.0,237.0,29.6,79.0,73.0,85.0,360.0,96.1,10.8 to 1,,,
KIPP Academy Boston Charter School (District),0.0,62.0,75.0,74.0,73.0,0.0,62.0,70.0,74.0,68.0,0.0,0.0,0.0,0.0,0.0,558.0,69.2,0.4,28.9,0.4,0.0,0.0,1.3,53.4,46.6,,,,,,,,,,,,,,,,      78,37.9,        503,45.1,54.9,32.6,22.7,60.6,,,,,,,,,,,,,,,,,,,,,,,,,SCIENCE AND TECH/ENG,23.0,17.0,1.0,1.0,22.0,16.0,64.0,48.0,47.0,35.0,134.0,57.3,,,,,,,,,,,,,4630000.0,297.0,53.2,168.0,110.0,19.7,463.0,83.0,367.0,47.0,44.7,73.0,69.9,10.7 to 1,,,
KIPP Academy Lynn Charter,,,,,,,,,,,,,,,,,,,,,,,,,,,,,,,,,,,,,,,,,,,,,,,,,,,,,,,,,,,,,,,74.0,59.0,79.7,0.0,44.1,16.9,39.0,16.9,18.6,16.9,,,,,,,,,,,,,,,,,,,,,,,,,,,,,,,,,,,,,,,,,,
KIPP Academy Lynn Charter (District),0.0,122.0,122.0,122.0,0.0,0.0,122.0,122.0,122.0,121.0,131.0,127.0,113.0,112.0,0.0,1336.0,20.5,3.2,66.6,6.4,0.2,0.0,3.1,49.9,50.1,     168,     273,      85,      62,      20,       1,       0,,      68,     100,      66,      28,      11,61.5,38.5,     363,23.4,"      1,191",51.0,49.0,28.0,13.1,46.8,     465,       2,0.4,0.0,0.0,0.9,1.1,        96,87.5,10.4,0.0,0.0,2.1,0.0,,,,,,,,,,,SCIENCE AND TECH/ENG,183.0,52.0,31.0,9.0,152.0,43.0,130.0,37.0,40.0,11.0,353.0,80.3,,,,,,,,,,,,,4290000.0,974.0,72.9,371.0,172.0,12.9,928.0,69.5,687.0,100.0,56.2,305.0,72.5,12.0 to 1,,,
Lawrence Family Development Charter (District),84.0,85.0,83.0,84.0,83.0,82.0,82.0,52.0,54.0,48.0,0.0,0.0,0.0,0.0,0.0,737.0,0.8,0.0,98.4,0.8,0.0,0.0,0.0,45.7,54.3,,,,,,,,,,,,,,,,     320,18.1,        714,53.2,46.8,26.5,7.1,53.2,,,,,,,,,,,,,,,,,,,,,,,,,SCIENCE AND TECH/ENG,60.0,56.0,15.0,14.0,45.0,42.0,36.0,34.0,11.0,10.0,107.0,79.2,,,,,,,,,,,,,4540000.0,595.0,80.7,212.0,46.0,6.2,543.0,73.7,440.0,60.0,88.2,273.0,71.4,12.0 to 1,,,
Libertas Academy Charter School (District),0.0,0.0,0.0,0.0,0.0,0.0,0.0,90.0,0.0,0.0,0.0,0.0,0.0,0.0,0.0,90.0,12.2,0.0,84.4,2.2,0.0,0.0,1.1,54.4,45.6,,,,,,,,,,,,,,,,,,,,,,,,,,,,,,,,,,,,,,,,,,,,,,,,,,,,,,,,,,,,,,,,,,,,,,,,,35140000.0,40.0,44.4,39.0,16.0,17.8,76.0,84.4,71.0,,,,,,,,
Lowell Community Charter Public (District),41.0,96.0,94.0,92.0,96.0,89.0,80.0,79.0,82.0,65.0,0.0,0.0,0.0,0.0,0.0,814.0,26.8,19.9,46.8,3.1,0.0,0.0,3.4,49.0,51.0,,,,,,,,,,,,,,,,     238,21.5,        808,51.5,48.5,48.9,17.2,43.1,,,,,,,,,,,,,,,,,,,,,,,,,SCIENCE AND TECH/ENG,39.0,25.0,8.0,5.0,31.0,20.0,82.0,54.0,32.0,21.0,153.0,63.6,,,,,,,,,,,,,4560000.0,595.0,73.1,431.0,124.0,15.2,646.0,79.4,395.0,61.0,98.4,238.0,97.9,13.4 to 1,,,
Lowell Middlesex Academy Charter,,,,,,,,,,,,,,,,,,,,,,,,,,,,,,,,,,,,,,,,,,,,,,,,,,,,,,,,,,,,,,,26.0,13.0,50.0,0.0,15.4,84.6,0.0,84.6,0.0,0.0,,,,,,,,,,,,,,,,,,,,,,,,,,,,,,,,,,,,,,,,,,
Lowell Middlesex Academy Charter (District),0.0,0.0,0.0,0.0,0.0,0.0,0.0,0.0,0.0,0.0,21.0,28.0,24.0,18.0,0.0,91.0,2.2,23.1,37.4,31.9,0.0,0.0,5.5,54.9,45.1,,,,,,,,,,,,,,,,     150,12.3,        105,49.5,50.5,1.0,28.6,66.7,      94,      31,33.0,23.1,33.3,68.8,18.2,        50,14.0,26.0,0.0,10.0,50.0,0.0,,,,,,,,,,,,,,,,,,,,,,,,,,,,,,,,,,,,4580000.0,6.0,6.6,4.0,26.0,28.6,68.0,74.7,63.0,10.0,57.1,96.0,97.9,9.0 to 1,,,
MATCH Charter Public School (District),53.0,94.0,95.0,96.0,96.0,96.0,90.0,96.0,92.0,96.0,91.0,83.0,72.0,75.0,0.0,1225.0,47.0,0.9,46.9,2.4,0.6,0.1,2.1,47.8,52.2,      92,     154,      52,      22,      14,       4,       0,,      36,      58,      37,      14,       9,61.0,39.0,     335,20.8,"      1,122",52.4,47.6,34.9,18.8,55.8,     307,       2,0.7,1.1,1.4,0.0,0.0,        60,63.3,36.7,0.0,0.0,0.0,0.0,43.0,39.0,90.7,0.0,28.2,23.1,48.7,23.1,20.5,28.2,SCIENCE AND TECH/ENG,79.0,33.0,24.0,10.0,55.0,23.0,87.0,36.0,76.0,31.0,242.0,61.2,,,,,,,,,,474.0,,520.0,4690000.0,750.0,61.2,374.0,260.0,21.2,955.0,78.0,728.0,85.0,66.4,274.0,77.0,13.5 to 1,,,
Ma Academy for Math and Science,0.0,0.0,0.0,0.0,0.0,0.0,0.0,0.0,0.0,0.0,0.0,0.0,50.0,46.0,0.0,96.0,1.0,45.8,3.1,40.6,0.0,0.0,9.4,50.0,50.0,      39,      74,      20,       8,       7,       3,       1,,       1,       8,       9,      24,      32,12.2,87.8,      24,16.3,         49,49.0,51.0,0.0,0.0,2.0,      97,       0,0.0,,,0.0,0.0,        49,100.0,0.0,0.0,0.0,0.0,0.0,46.0,43.0,93.5,0.0,60.5,0.0,39.5,0.0,0.0,30.2,,,,,,,,,,,,,,,,,,,,,,,696.0,,750.0,4680000.0,0.0,0.0,0.0,0.0,0.0,4.0,4.2,4.0,7.0,100.0,24.0,100.0,14.0 to 1,,,
Marblehead Community Charter Public (District),0.0,0.0,0.0,0.0,0.0,51.0,50.0,51.0,41.0,36.0,0.0,0.0,0.0,0.0,0.0,229.0,4.4,4.4,1.3,86.5,0.9,0.0,2.6,60.7,39.3,,,,,,,,,,,,,,,,      96,20.3,        230,43.0,57.0,4.3,25.2,4.8,,,,,,,,,,,,,,,,,,,,,,,,,SCIENCE AND TECH/ENG,60.0,70.0,27.0,31.0,33.0,38.0,23.0,27.0,3.0,3.0,86.0,88.1,,,,,,,,,,,,,4640000.0,1.0,0.4,1.0,54.0,23.6,76.0,33.2,24.0,22.0,79.0,78.0,89.7,10.5 to 1,,,
Martha's Vineyard Charter,,,,,,,,,,,,,,,,,,,,,,,,,,,,,,,,,,,,,,,,,,,,,,,,,,,,,,,,,,,,,,,10.0,,,,,,,,,,,,,,,,,,,,,,,,,,,,,,,,,,,,,,,,,,,,,,,,,,,
Martha's Vineyard Charter (District),0.0,15.0,13.0,17.0,15.0,17.0,21.0,20.0,19.0,14.0,5.0,6.0,9.0,13.0,0.0,184.0,3.3,1.1,10.3,73.9,2.2,0.0,9.2,45.7,54.3,       7,,,,,,,,,,,,,0.0,0.0,      76,16.3,        183,56.8,43.2,3.8,27.9,27.9,      37,       1,2.7,,0.0,0.0,8.3,        15,80.0,6.7,6.7,0.0,6.7,0.0,,,,,,,,,,,SCIENCE AND TECH/ENG,20.0,57.0,7.0,20.0,13.0,37.0,13.0,37.0,2.0,6.0,35.0,83.6,,,,,,,,,,555.0,,482.0,4660000.0,11.0,6.0,9.0,48.0,26.1,99.0,53.8,54.0,19.0,81.7,70.0,95.7,9.2 to 1,,,
Martin Luther King Jr. Charter School of Excellence (District),0.0,64.0,59.0,60.0,59.0,59.0,60.0,0.0,0.0,0.0,0.0,0.0,0.0,0.0,0.0,361.0,37.1,1.7,53.7,2.5,0.0,0.0,5.0,47.9,52.1,,,,,,,,,,,,,,,,     144,19.8,        357,49.0,51.0,16.2,21.8,69.7,,,,,,,,,,,,,,,,,,,,,,,,,SCIENCE AND TECH/ENG,25.0,42.0,5.0,8.0,20.0,33.0,32.0,53.0,3.0,5.0,60.0,76.7,,,,,,,,,,,,,4920000.0,78.0,21.6,73.0,74.0,20.5,287.0,79.5,258.0,38.0,81.4,101.0,63.4,9.7 to 1,,,
Massachusetts Virtual Academy at Greenfield Commonwealth Virtual District,,,,,,,,,,,,,,,,,,,,,,,,,,       1,,,,,,,,,,,,,0.0,0.0,       0,0.0,          0,0.0,0.0,0.0,0.0,0.0,     237,      59,24.9,33.3,25.3,13.7,20.0,        57,31.6,21.1,1.8,10.5,35.1,0.0,11.0,,,,,,,,,,SCIENCE AND TECH/ENG,36.0,30.0,9.0,7.0,27.0,22.0,57.0,47.0,28.0,23.0,121.0,65.5,,,,,,,,,,567.0,,555.0,,,,,,,,,,,,,,,,,
Minuteman Regional Vocational Technical,0.0,0.0,0.0,0.0,0.0,0.0,0.0,0.0,0.0,0.0,145.0,134.0,126.0,133.0,0.0,538.0,4.1,4.3,9.1,79.4,0.2,0.0,3.0,63.0,36.6,      16,      21,      11,       5,       0,       0,       0,,       3,       4,       4,       6,       4,33.3,66.7,     425,11.8,        570,32.8,67.0,1.1,47.2,24.2,     582,      12,2.1,0.0,1.5,4.9,1.7,       167,92.2,3.0,0.6,0.0,4.2,0.0,163.0,94.0,57.7,0.0,28.7,43.6,27.7,42.6,6.4,14.9,SCIENCE AND TECH/ENG,91.0,79.0,32.0,28.0,59.0,51.0,23.0,20.0,1.0,1.0,115.0,93.7,,,"      $19,960,798.00",        616.8,"         $32,361.86","      $19,968,898.00",        618.4,"         $32,291.23",,533.0,,511.0,8300000.0,32.0,5.9,8.0,273.0,50.7,331.0,61.5,128.0,73.0,98.6,231.0,99.1,8.0 to 1,"      $6,647,808","  $87,471",     76
Montachusett Regional Vocational Technical,0.0,0.0,0.0,0.0,0.0,0.0,0.0,0.0,0.0,0.0,374.0,382.0,337.0,331.0,0.0,1424.0,1.7,1.1,14.3,79.2,0.1,0.0,3.6,52.5,47.1,     120,     148,      92,      28,       0,       0,       0,,      26,      57,      41,      16,       8,56.1,43.9,     788,18.4,"      1,410",45.2,54.6,0.4,13.8,21.9,"   1,429",       4,0.3,0.0,0.3,0.3,0.6,       356,98.0,1.1,0.0,0.0,0.8,0.0,316.0,170.0,53.8,0.0,17.1,48.8,34.1,47.6,26.5,2.9,SCIENCE AND TECH/ENG,261.0,77.0,75.0,22.0,186.0,55.0,68.0,20.0,8.0,2.0,337.0,91.2,,,"      $27,042,231.00","      1,396.6","         $19,362.90","      $27,407,647.00","      1,461.7","         $18,750.53",,527.0,,515.0,8320000.0,58.0,4.1,9.0,215.0,15.1,522.0,36.7,370.0,112.0,100.0,322.0,100.0,12.8 to 1,"      $8,826,043","  $78,107",    113
Mystic Valley Regional Charter,,,,,,,,,,,,,,,,,,,,,,,,,,,,,,,,,,,,,,,,,,,,,,,,,,,,,,,,,,,,,,,96.0,86.0,89.6,0.0,44.2,9.3,46.5,9.3,23.3,18.6,,,,,,,,,,,,,,,,,,,,,,,,,,,,,,,,,,,,,,,,,,
Mystic Valley Regional Charter (District),0.0,156.0,127.0,128.0,127.0,148.0,150.0,149.0,128.0,93.0,91.0,96.0,89.0,89.0,0.0,1571.0,17.3,19.6,9.3,49.3,0.3,0.0,4.3,49.9,50.1,,,,,,,,,,,,,,,,     755,22.8,"      1,479",51.7,48.3,1.8,13.7,16.0,     387,       0,0.0,0.0,0.0,0.0,0.0,        96,100.0,0.0,0.0,0.0,0.0,0.0,,,,,,,,,,,SCIENCE AND TECH/ENG,189.0,57.0,79.0,24.0,110.0,33.0,117.0,35.0,27.0,8.0,333.0,81.1,,,,,,,,,,559.0,,579.0,4700000.0,608.0,38.7,39.0,200.0,12.7,492.0,31.3,301.0,103.0,66.0,612.0,89.2,14.4 to 1,,,
Nashoba Valley Regional Vocational Technical,0.0,0.0,0.0,0.0,0.0,0.0,0.0,0.0,0.0,0.0,176.0,176.0,176.0,169.0,1.0,698.0,1.1,1.6,5.0,89.4,0.6,0.0,2.3,58.3,41.7,      82,     137,      50,      12,      17,       3,       0,,      49,      55,      24,       6,       3,75.9,24.1,     403,13.7,        710,40.8,59.0,0.0,34.1,18.6,     732,       2,0.3,0.6,0.0,0.6,0.0,       188,99.5,0.5,0.0,0.0,0.0,0.0,162.0,91.0,56.2,0.0,15.4,50.5,34.1,49.5,22.0,9.9,SCIENCE AND TECH/ENG,134.0,80.0,45.0,27.0,89.0,53.0,29.0,17.0,4.0,2.0,167.0,91.9,,,"      $13,148,847.00",        714.8,"         $18,395.14","      $13,172,102.00",        716.9,"         $18,373.69",,512.0,,510.0,8520000.0,8.0,1.1,3.0,268.0,38.4,357.0,51.1,141.0,63.0,98.4,207.0,97.1,11.6 to 1,"      $4,140,062","  $71,504",     58
Neighborhood House Charter (District),38.0,38.0,40.0,40.0,44.0,45.0,64.0,63.0,56.0,58.0,47.0,0.0,0.0,0.0,0.0,533.0,52.9,2.4,17.1,21.2,0.8,0.0,5.6,50.3,49.7,,,,,,,,,,,,,,,,     115,33.3,        465,49.7,50.3,8.0,18.3,33.3,,,,,,,,,,,,,,,,,,,,,,,,,SCIENCE AND TECH/ENG,44.0,40.0,17.0,15.0,27.0,25.0,58.0,53.0,8.0,7.0,110.0,75.7,,,,,,,,,,,,,4440000.0,121.0,22.7,43.0,83.0,15.6,285.0,53.5,206.0,50.0,61.3,93.0,100.0,9.1 to 1,,,
New Heights Charter School of Brockton (District),0.0,0.0,0.0,0.0,0.0,0.0,0.0,107.0,108.0,108.0,99.0,0.0,0.0,0.0,0.0,422.0,88.4,1.2,8.1,1.7,0.2,0.0,0.5,49.8,50.2,,,,,,,,,,,,,,,,      72,27.2,        302,48.3,51.7,10.3,7.9,38.1,,,,,,,,,,,,,,,,,,,,,,,,,SCIENCE AND TECH/ENG,12.0,12.0,0.0,0.0,12.0,12.0,49.0,49.0,39.0,39.0,100.0,51.5,,,,,,,,,,,,,35130000.0,48.0,11.4,44.0,46.0,10.9,217.0,51.4,166.0,22.0,69.2,81.0,18.5,14.2 to 1,,,
New Liberty Charter School of Salem (District),,,,,,,,,,,,,,,,,,,,,,,,,,,,,,,,,,,,,,,,,,,,,,,,,,,,,,,,,,,,,,,5.0,,,,,,,,,,,,,,,,,,,,,,,,,,,,,,,,,,,,,,,,,,,,,,,,,,,
Northampton-Smith Vocational Agricultural,0.0,0.0,0.0,0.0,0.0,0.0,0.0,0.0,0.0,0.0,129.0,127.0,132.0,110.0,0.0,498.0,1.2,0.8,15.5,80.7,0.0,0.0,1.8,58.0,42.0,       2,,,,,,,,,,,,,0.0,0.0,     341,12.1,        485,38.8,61.2,2.5,34.4,30.3,     486,       5,1.0,1.6,0.0,0.0,2.7,       115,91.3,1.7,0.9,0.9,5.2,0.0,85.0,35.0,41.2,0.0,25.7,60.0,14.3,60.0,8.6,0.0,SCIENCE AND TECH/ENG,80.0,69.0,12.0,10.0,68.0,59.0,31.0,27.0,5.0,4.0,116.0,86.4,,,"      $10,064,347.00",        465.9,"         $21,601.95","      $10,064,347.00",        465.9,"         $21,601.95",,480.0,,464.0,4060000.0,21.0,4.2,5.0,190.0,38.2,284.0,57.0,172.0,50.0,92.0,133.0,100.0,9.7 to 1,"      $3,166,123","  $60,654",     52
Northeast Metropolitan Regional Vocational Technical,0.0,0.0,0.0,0.0,0.0,0.0,0.0,0.0,0.0,0.0,331.0,320.0,301.0,294.0,0.0,1246.0,2.7,1.4,30.3,63.5,0.0,0.2,1.9,53.5,46.5,,,,,,,,,,,,,,,,     894,19.3,"      1,261",45.4,54.6,1.8,21.3,30.8,"   1,261",       2,0.2,0.0,0.0,0.6,0.0,       297,99.0,0.3,0.0,0.0,0.3,0.3,298.0,142.0,47.7,0.0,18.3,59.2,22.5,57.7,14.1,7.7,SCIENCE AND TECH/ENG,200.0,67.0,45.0,15.0,155.0,52.0,98.0,33.0,0.0,0.0,298.0,88.2,,,"      $25,666,218.00","      1,231.2","         $20,846.51","      $25,692,518.00","      1,233.2","         $20,834.02",,476.0,,477.0,8530000.0,215.0,17.3,49.0,270.0,21.7,640.0,51.4,446.0,112.0,97.9,243.0,99.6,11.3 to 1,"      $9,359,306","  $85,551",    109
Northern Berkshire Regional Vocational Technical,0.0,0.0,0.0,0.0,0.0,0.0,0.0,0.0,0.0,0.0,129.0,137.0,114.0,108.0,0.0,488.0,0.8,0.0,1.6,94.1,0.2,0.0,3.3,62.9,37.1,      39,      52,      28,       9,       2,       0,       0,,      25,      16,       9,       2,       0,78.8,21.2,     417,13.6,        483,37.7,62.3,0.0,15.5,31.5,     484,       0,0.0,0.0,0.0,0.0,0.0,       122,91.8,5.7,0.0,0.0,2.5,0.0,115.0,49.0,42.6,0.0,18.4,40.8,40.8,36.7,34.7,2.0,SCIENCE AND TECH/ENG,80.0,78.0,29.0,28.0,51.0,50.0,21.0,20.0,2.0,2.0,103.0,91.5,,,"      $10,122,493.00",        445.4,"         $22,726.75","      $10,122,493.00",        445.4,"         $22,726.75",,525.0,,507.0,8510000.0,0.0,0.0,0.0,90.0,18.4,211.0,43.2,168.0,47.0,93.6,130.0,100.0,10.4 to 1,"      $4,029,772","  $73,536",     55
Old Colony Regional Vocational Technical,0.0,0.0,0.0,0.0,0.0,0.0,0.0,0.0,0.0,0.0,137.0,149.0,133.0,119.0,0.0,538.0,1.9,0.7,1.9,94.1,0.2,0.0,1.3,63.4,36.6,,,,,,,,,,,,,,,,     343,15.9,        540,38.1,61.9,0.2,22.6,18.1,     546,       3,0.5,0.0,0.0,0.8,1.5,       135,97.8,0.0,0.0,0.7,1.5,0.0,142.0,66.0,46.5,1.5,25.8,56.1,16.7,53.0,7.6,7.6,SCIENCE AND TECH/ENG,97.0,75.0,10.0,8.0,87.0,67.0,28.0,22.0,4.0,3.0,129.0,89.9,,,"      $10,599,009.00",        551.1,"         $19,232.46","      $10,603,059.00",        551.9,"         $19,211.92",,524.0,,524.0,8550000.0,1.0,0.2,1.0,135.0,25.1,203.0,37.7,103.0,54.0,96.3,104.0,89.4,10.1 to 1,"      $4,014,690","  $73,935",     54
Old Sturbridge Academy Charter Public School (District),0.0,40.0,40.0,40.0,40.0,0.0,0.0,0.0,0.0,0.0,0.0,0.0,0.0,0.0,0.0,160.0,6.9,0.6,10.6,81.9,0.0,0.0,0.0,53.8,46.3,,,,,,,,,,,,,,,,,,,,,,,,,,,,,,,,,,,,,,,,,,,,,,,,,,,,,,,,,,,,,,,,,,,,,,,,,35150000.0,9.0,5.6,9.0,15.0,9.4,64.0,40.0,44.0,,,,,,,,
Pathfinder Regional Vocational Technical,0.0,0.0,0.0,0.0,0.0,0.0,0.0,0.0,0.0,0.0,166.0,170.0,138.0,139.0,1.0,614.0,0.5,0.7,5.5,89.9,0.2,0.0,3.3,62.4,37.6,      47,      60,      36,       9,       2,       0,       0,,      20,      34,       6,       0,       0,90.0,10.0,     470,12.4,        607,39.2,60.8,0.0,25.0,34.3,     617,      10,1.6,1.1,1.9,1.4,2.2,       132,93.9,3.8,0.8,0.0,1.5,0.0,126.0,51.0,40.5,0.0,13.7,78.4,7.8,74.5,3.9,0.0,SCIENCE AND TECH/ENG,77.0,55.0,7.0,5.0,70.0,50.0,59.0,42.0,3.0,2.0,139.0,82.2,,,"      $13,950,898.00",        610.0,"         $22,870.33","      $14,025,725.00",        621.0,"         $22,585.71",,496.0,,499.0,8600000.0,1.0,0.2,0.0,173.0,28.2,334.0,54.4,233.0,77.0,97.4,207.0,99.0,8.0 to 1,"      $5,384,049","  $75,301",     72
Paulo Freire Social Justice Charter School (District),0.0,0.0,0.0,0.0,0.0,0.0,0.0,0.0,0.0,0.0,66.0,71.0,69.0,64.0,0.0,270.0,3.7,0.0,89.6,6.3,0.0,0.4,0.0,45.2,54.8,,,,,,,,,,,,,,,,     177,14.7,        339,54.0,46.0,10.9,17.7,70.5,     328,       3,0.9,1.9,0.0,1.6,0.0,        73,83.6,11.0,0.0,0.0,5.5,0.0,,,,,,,,,,,SCIENCE AND TECH/ENG,21.0,37.0,3.0,5.0,18.0,32.0,29.0,51.0,7.0,12.0,57.0,72.8,,,,,,,,,,497.0,,471.0,35010000.0,81.0,30.0,35.0,44.0,16.3,214.0,79.3,197.0,36.0,52.6,108.0,91.7,9.2 to 1,,,
Phoenix Academy Public Charter High School Springfield (District),0.0,0.0,0.0,0.0,0.0,0.0,0.0,0.0,0.0,0.0,136.0,21.0,15.0,31.0,0.0,203.0,24.1,1.5,64.0,4.4,0.5,0.0,5.4,52.2,47.8,,,,,,,,,,,,,,,,      55,16.1,        170,44.7,55.3,17.1,33.5,79.4,     193,     105,54.4,64.9,22.2,44.8,8.3,        71,12.7,26.8,0.0,1.4,59.2,0.0,,,,,,,,,,,,,,,,,,,,,,,,,,,,,,,,,,,,35080000.0,38.0,18.7,24.0,65.0,32.0,185.0,91.1,174.0,12.0,50.4,72.0,33.3,16.2 to 1,,,
Phoenix Charter Academy,,,,,,,,,,,,,,,,,,,,,,,,,,,,,,,,,,,,,,,,,,,,,,,,,,,,,,,,,,,,,,,14.0,,,,,,,,,,,,,,,,,,,,,,,,,,,,,,,,,,,,,,,,,,,,,,,,,,,
Phoenix Charter Academy (District),0.0,0.0,0.0,0.0,0.0,0.0,0.0,0.0,0.0,0.0,132.0,24.0,13.0,28.0,0.0,197.0,13.7,1.0,78.7,6.1,0.5,0.0,0.0,54.3,45.7,      10,      15,       5,       5,       0,       0,       0,,      13,       0,       2,       0,       0,86.7,13.3,      79,19.1,        211,38.9,61.1,62.1,12.8,33.2,     170,      58,34.1,46.9,0.0,23.5,4.0,        67,14.9,14.9,0.0,11.9,58.2,0.0,,,,,,,,,,,SCIENCE AND TECH/ENG,3.0,27.0,0.0,0.0,3.0,27.0,8.0,73.0,0.0,0.0,11.0,72.7,,,,,,,,,,,,,4930000.0,146.0,74.1,120.0,18.0,9.1,175.0,88.8,85.0,14.0,42.3,59.0,45.8,12.0 to 1,,,
Pioneer Charter School of Science,,,,,,,,,,,,,,,,,,,,,,,,,,,,,,,,,,,,,,,,,,,,,,,,,,,,,,,,,,,,,,,54.0,49.0,90.7,0.0,28.6,22.4,49.0,22.4,12.2,36.7,,,,,,,,,,,,,,,,,,,,,,,,,,,,,,,,,,,,,,,,,,
Pioneer Charter School of Science (District),0.0,67.0,68.0,67.0,66.0,64.0,0.0,0.0,69.0,69.0,64.0,51.0,50.0,33.0,0.0,668.0,28.0,8.8,29.6,31.1,1.6,0.1,0.6,47.8,52.2,      36,      60,      22,       6,       6,       2,       0,,       4,       7,      13,      22,      14,18.3,81.7,     208,18.9,        535,50.1,49.9,38.1,10.7,35.7,     206,       0,0.0,0.0,0.0,0.0,0.0,        40,97.5,2.5,0.0,0.0,0.0,0.0,,,,,,,,,,,SCIENCE AND TECH/ENG,99.0,79.0,36.0,29.0,63.0,50.0,17.0,14.0,9.0,7.0,125.0,89.8,,,,,,,,,,531.0,,576.0,4940000.0,524.0,78.4,179.0,59.0,8.8,422.0,63.2,266.0,51.0,71.7,166.0,100.0,10.7 to 1,,,
Pioneer Charter School of Science II (PCSS-II) (District),0.0,0.0,0.0,0.0,0.0,0.0,0.0,0.0,77.0,77.0,69.0,59.0,45.0,30.0,0.0,357.0,33.3,14.3,23.5,26.6,0.3,0.0,2.0,46.8,53.2,      25,      48,      13,       5,       3,       4,       0,,       0,      10,      12,      16,      10,20.8,79.2,     153,18.5,        321,53.6,46.4,26.2,14.0,26.5,     170,       2,1.2,2.9,0.0,0.0,0.0,        11,100.0,0.0,0.0,0.0,0.0,0.0,,,,,,,,,,,SCIENCE AND TECH/ENG,82.0,66.0,27.0,22.0,55.0,44.0,35.0,28.0,7.0,6.0,124.0,85.7,,,,,,,,,,541.0,,604.0,35060000.0,182.0,51.0,85.0,43.0,12.0,200.0,56.0,105.0,32.0,59.9,116.0,100.0,10.0 to 1,,,
Pioneer Valley Chinese Immersion Charter (District),0.0,44.0,44.0,44.0,46.0,47.0,43.0,54.0,50.0,46.0,39.0,9.0,16.0,11.0,0.0,493.0,7.3,18.1,5.5,56.0,0.0,0.0,13.2,46.7,53.1,       1,,,,,,,,,,,,,0.0,0.0,     256,16.5,        460,54.3,45.4,2.6,5.9,13.7,      60,       1,1.7,7.1,0.0,0.0,0.0,        11,100.0,0.0,0.0,0.0,0.0,0.0,,,,,,,,,,,SCIENCE AND TECH/ENG,82.0,80.0,31.0,30.0,51.0,50.0,15.0,15.0,5.0,5.0,102.0,90.9,,,,,,,,,,623.0,,620.0,4970000.0,82.0,16.6,14.0,29.0,5.9,114.0,23.1,79.0,61.0,69.9,188.0,100.0,7.8 to 1,,,
Pioneer Valley Performing Arts Charter Public,,,,,,,,,,,,,,,,,,,,,,,,,,,,,,,,,,,,,,,,,,,,,,,,,,,,,,,,,,,,,,,55.0,48.0,87.3,0.0,45.8,25.0,29.2,25.0,8.3,10.4,,,,,,,,,,,,,,,,,,,,,,,,,,,,,,,,,,,,,,,,,,
Pioneer Valley Performing Arts Charter Public (District),0.0,0.0,0.0,0.0,0.0,0.0,0.0,0.0,68.0,69.0,64.0,69.0,67.0,64.0,0.0,401.0,9.5,2.2,14.2,67.3,0.2,0.0,6.5,30.9,68.8,       6,,,,,,,,,,,,,0.0,0.0,     387,12.7,        405,67.9,31.9,0.0,20.7,21.5,     262,       5,1.9,0.0,0.0,0.0,7.8,        58,89.7,5.2,0.0,0.0,5.2,0.0,,,,,,,,,,,SCIENCE AND TECH/ENG,90.0,73.0,24.0,19.0,66.0,53.0,29.0,23.0,5.0,4.0,124.0,88.3,,,,,,,,,,612.0,,570.0,4790000.0,2.0,0.5,2.0,81.0,20.2,143.0,35.7,88.0,41.0,74.7,311.0,88.7,9.8 to 1,,,
Prospect Hill Academy Charter,,,,,,,,,,,,,,,,,,,,,,,,,,,,,,,,,,,,,,,,,,,,,,,,,,,,,,,,,,,,,,,70.0,64.0,91.4,0.0,53.1,12.5,34.4,12.5,17.2,15.6,,,,,,,,,,,,,,,,,,,,,,,,,,,,,,,,,,,,,,,,,,
Prospect Hill Academy Charter (District),0.0,85.0,80.0,85.0,90.0,95.0,97.0,98.0,93.0,93.0,99.0,72.0,75.0,70.0,0.0,1132.0,54.7,7.8,20.7,13.4,0.4,0.2,2.8,51.2,48.8,     124,     245,      51,      45,      14,       8,       6,,      77,      73,      42,      32,      21,61.2,38.8,     455,21.3,"      1,141",48.9,51.1,10.3,15.4,35.5,     311,       7,2.3,4.9,0.0,0.0,4.1,        65,92.3,6.2,0.0,0.0,1.5,0.0,,,,,,,,,,,SCIENCE AND TECH/ENG,130.0,47.0,25.0,9.0,105.0,38.0,112.0,40.0,37.0,13.0,279.0,75.4,,,,,,,,,,517.0,,522.0,4870000.0,529.0,46.7,135.0,156.0,13.8,637.0,56.3,483.0,109.0,77.4,367.0,96.7,10.4 to 1,,,
Rising Tide Charter Public,,,,,,,,,,,,,,,,,,,,,,,,,,,,,,,,,,,,,,,,,,,,,,,,,,,,,,,,,,,,,,,34.0,30.0,88.2,0.0,26.7,16.7,56.7,16.7,20.0,26.7,,,,,,,,,,,,,,,,,,,,,,,,,,,,,,,,,,,,,,,,,,
Rising Tide Charter Public (District),0.0,0.0,0.0,0.0,0.0,0.0,92.0,92.0,91.0,90.0,73.0,80.0,70.0,72.0,0.0,660.0,1.4,2.6,2.4,88.5,0.3,0.0,4.8,50.0,49.8,      40,      76,      21,       6,       9,       4,       0,,       3,      16,      35,      16,       6,25.0,75.0,     328,18.6,        665,51.6,48.4,0.0,14.9,7.7,     307,       0,0.0,0.0,0.0,0.0,0.0,        71,97.2,2.8,0.0,0.0,0.0,0.0,,,,,,,,,,,SCIENCE AND TECH/ENG,157.0,64.0,37.0,15.0,120.0,49.0,77.0,31.0,12.0,5.0,246.0,85.5,,,,,,,,,,604.0,,562.0,4830000.0,4.0,0.6,0.0,105.0,15.9,155.0,23.5,65.0,52.0,65.5,271.0,99.6,12.8 to 1,,,
River Valley Charter (District),0.0,32.0,32.0,32.0,34.0,32.0,33.0,32.0,31.0,30.0,0.0,0.0,0.0,0.0,0.0,288.0,0.7,2.8,2.4,89.6,0.3,0.0,4.2,41.3,58.7,,,,,,,,,,,,,,,,     116,15.5,        288,59.0,41.0,0.0,13.9,5.2,,,,,,,,,,,,,,,,,,,,,,,,,SCIENCE AND TECH/ENG,37.0,57.0,9.0,14.0,28.0,43.0,26.0,40.0,2.0,3.0,65.0,84.6,,,,,,,,,,,,,4820000.0,5.0,1.7,0.0,41.0,14.2,60.0,20.8,22.0,18.0,94.4,112.0,99.1,15.6 to 1,,,
Roxbury Preparatory Charter (District),0.0,0.0,0.0,0.0,0.0,0.0,236.0,248.0,244.0,255.0,199.0,162.0,78.0,0.0,0.0,1422.0,57.2,0.8,39.5,1.1,0.2,0.1,0.9,50.9,49.1,     196,     345,      61,     121,      14,       0,       0,,     241,      82,      20,       2,       0,93.6,6.4,     342,23.1,"      1,257",50.4,49.6,22.4,17.4,55.8,     333,       7,2.1,3.1,0.0,,,,,,,,,,,,,,,,,,,,SCIENCE AND TECH/ENG,201.0,36.0,32.0,6.0,169.0,30.0,237.0,42.0,123.0,22.0,561.0,66.9,,,,,,,,,,,,,4840000.0,304.0,21.4,304.0,247.0,17.4,1033.0,72.6,815.0,111.0,46.0,277.0,87.0,11.7 to 1,,,
Sabis International Charter,,,,,,,,,,,,,,,,,,,,,,,,,,,,,,,,,,,,,,,,,,,,,,,,,,,,,,,,,,,,,,,109.0,99.0,90.8,0.0,20.2,44.4,35.4,44.4,15.2,15.2,,,,,,,,,,,,,,,,,,,,,,,,,,,,,,,,,,,,,,,,,,
Sabis International Charter (District),0.0,107.0,114.0,123.0,160.0,129.0,128.0,130.0,128.0,128.0,110.0,98.0,115.0,104.0,0.0,1574.0,30.0,4.1,39.4,21.3,0.0,0.0,5.2,50.7,49.3,      57,     120,      18,      22,      11,       5,       1,,      29,      38,      32,      15,       6,55.8,44.2,     557,25.3,"      1,571",50.0,50.0,5.3,13.1,35.8,     447,       0,0.0,0.0,0.0,0.0,0.0,       101,99.0,0.0,0.0,0.0,1.0,0.0,,,,,,,,,,,SCIENCE AND TECH/ENG,183.0,50.0,46.0,13.0,137.0,37.0,142.0,39.0,43.0,12.0,368.0,76.8,,,,,,,,,,511.0,,506.0,4410000.0,93.0,5.9,93.0,209.0,13.3,766.0,48.7,602.0,66.0,90.7,416.0,99.3,24.0 to 1,,,
Salem Academy Charter,,,,,,,,,,,,,,,,,,,,,,,,,,,,,,,,,,,,,,,,,,,,,,,,,,,,,,,,,,,,,,,32.0,28.0,87.5,0.0,21.4,10.7,67.9,10.7,50.0,17.9,,,,,,,,,,,,,,,,,,,,,,,,,,,,,,,,,,,,,,,,,,
Salem Academy Charter (District),0.0,0.0,0.0,0.0,0.0,0.0,0.0,74.0,73.0,72.0,82.0,74.0,56.0,44.0,0.0,475.0,8.6,5.1,40.8,42.9,0.0,0.0,2.5,45.9,54.1,      55,     113,      24,      12,      11,       8,       0,,      50,      21,      25,      11,       6,62.8,37.2,     233,18.5,        438,54.8,45.2,10.0,14.4,28.8,     226,      12,5.3,9.8,3.3,0.0,4.5,        39,92.3,7.7,0.0,0.0,0.0,0.0,,,,,,,,,,,SCIENCE AND TECH/ENG,90.0,69.0,35.0,27.0,55.0,42.0,27.0,21.0,13.0,10.0,130.0,83.7,,,,,,,,,,528.0,,509.0,4850000.0,106.0,22.3,19.0,70.0,14.7,199.0,41.9,146.0,43.0,75.1,147.0,100.0,10.3 to 1,,,
Seven Hills Charter Public (District),0.0,61.0,75.0,88.0,81.0,81.0,79.0,77.0,60.0,65.0,0.0,0.0,0.0,0.0,0.0,667.0,46.5,0.0,43.2,7.3,0.0,0.0,3.0,52.5,47.5,,,,,,,,,,,,,,,,     229,24.2,        661,47.8,52.2,27.8,15.6,54.6,,,,,,,,,,,,,,,,,,,,,,,,,SCIENCE AND TECH/ENG,28.0,22.0,4.0,3.0,24.0,18.0,68.0,52.0,34.0,26.0,130.0,59.2,,,,,,,,,,,,,4860000.0,309.0,46.3,195.0,102.0,15.3,521.0,78.1,414.0,50.0,99.5,173.0,94.8,13.4 to 1,,,
Shawsheen Valley Regional Vocational Technical,0.0,0.0,0.0,0.0,0.0,0.0,0.0,0.0,0.0,0.0,340.0,331.0,318.0,337.0,0.0,1326.0,1.4,0.8,4.7,91.1,0.2,0.0,1.8,58.1,41.9,,,,,,,,,,,,,,,,     770,16.4,"      1,334",42.7,57.3,0.0,23.3,12.5,"   1,336",       3,0.2,0.0,0.0,0.3,0.6,       332,97.0,2.1,0.0,0.0,0.9,0.0,338.0,187.0,55.3,0.0,27.8,39.0,33.2,37.4,15.0,12.3,SCIENCE AND TECH/ENG,263.0,86.0,110.0,36.0,153.0,50.0,43.0,14.0,0.0,0.0,306.0,95.2,,,"      $26,922,652.00","      1,339.3","         $20,102.03","      $27,022,101.00","      1,357.5","         $19,905.78",,521.0,,515.0,8710000.0,14.0,1.1,0.0,330.0,24.9,473.0,35.7,201.0,129.0,100.0,314.0,99.4,10.3 to 1,"     $10,937,532","  $84,006",    130
Silver Hill Horace Mann Charter (District),0.0,95.0,91.0,97.0,98.0,93.0,86.0,0.0,0.0,0.0,0.0,0.0,0.0,0.0,0.0,560.0,3.9,2.0,23.2,68.9,0.0,0.0,2.0,49.6,50.4,,,,,,,,,,,,,,,,     226,22.1,        557,49.2,50.8,4.5,17.6,23.7,,,,,,,,,,,,,,,,,,,,,,,,,SCIENCE AND TECH/ENG,24.0,25.0,12.0,13.0,12.0,13.0,53.0,56.0,18.0,19.0,95.0,67.6,,,,,,,,,,,,,4770000.0,58.0,10.4,42.0,93.0,16.6,235.0,42.0,164.0,35.0,100.0,181.0,100.0,16.3 to 1,,,
Sizer School: A North Central Charter Essential (District),0.0,0.0,0.0,0.0,0.0,0.0,0.0,0.0,75.0,75.0,69.0,61.0,52.0,27.0,0.0,359.0,5.3,1.4,20.9,69.4,0.0,0.0,3.1,53.2,46.8,,,,,,,,,,,,,,,,     392,12.5,        367,52.0,48.0,0.5,22.6,30.0,     227,       8,3.5,2.7,1.4,8.8,4.0,        52,75.0,9.6,0.0,5.8,9.6,0.0,,,,,,,,,,,SCIENCE AND TECH/ENG,54.0,42.0,8.0,6.0,46.0,36.0,63.0,49.0,11.0,9.0,128.0,74.0,,,,,,,,,,550.0,,542.0,4740000.0,5.0,1.4,4.0,90.0,25.1,174.0,48.5,121.0,35.0,93.8,261.0,91.6,10.6 to 1,,,
South Middlesex Regional Vocational Technical,0.0,0.0,0.0,0.0,0.0,0.0,0.0,0.0,0.0,0.0,198.0,193.0,177.0,163.0,0.0,731.0,6.0,0.1,43.4,46.2,1.1,0.0,3.1,59.6,40.4,      31,      39,      23,       8,       0,       0,       0,,       4,      14,      10,       7,       4,46.2,53.8,     453,13.7,        700,43.4,56.6,7.6,42.1,36.7,     717,       2,0.3,0.0,0.5,0.0,0.7,       150,92.7,2.0,0.0,2.0,3.3,0.0,137.0,60.0,43.8,0.0,30.0,51.7,18.3,51.7,13.3,3.3,SCIENCE AND TECH/ENG,98.0,63.0,30.0,19.0,68.0,44.0,48.0,31.0,10.0,6.0,156.0,86.2,,,"      $18,134,299.00",        680.0,"         $26,668.09","      $18,134,299.00",        680.0,"         $26,668.09",,474.0,,473.0,8290000.0,168.0,23.0,67.0,321.0,43.9,511.0,69.9,296.0,75.0,98.7,208.0,98.1,9.6 to 1,"      $6,053,625","  $78,111",     78
South Shore Charter Public,,,,,,,,,,,,,,,,,,,,,,,,,,,,,,,,,,,,,,,,,,,,,,,,,,,,,,,,,,,,,,,44.0,35.0,79.5,0.0,31.4,42.9,25.7,42.9,8.6,17.1,,,,,,,,,,,,,,,,,,,,,,,,,,,,,,,,,,,,,,,,,,
South Shore Charter Public (District),0.0,77.0,67.0,61.0,66.0,66.0,79.0,77.0,77.0,78.0,78.0,85.0,64.0,52.0,0.0,927.0,26.4,4.6,2.7,59.3,0.4,0.1,6.4,49.2,50.8,      38,      67,      16,      17,       3,       2,       0,,      11,      22,      23,       8,       3,49.3,50.7,     368,17.5,        757,49.9,50.1,15.3,15.6,14.8,     248,       0,0.0,0.0,0.0,0.0,0.0,        49,95.9,2.0,0.0,2.0,0.0,0.0,,,,,,,,,,,SCIENCE AND TECH/ENG,91.0,54.0,31.0,19.0,60.0,36.0,67.0,40.0,9.0,5.0,167.0,81.3,,,,,,,,,,559.0,,556.0,4880000.0,298.0,32.1,128.0,155.0,16.7,408.0,44.0,170.0,65.0,90.5,298.0,95.6,11.7 to 1,,,
South Shore Regional Vocational Technical,0.0,0.0,0.0,0.0,0.0,0.0,0.0,0.0,0.0,0.0,168.0,159.0,170.0,153.0,0.0,650.0,1.8,1.1,4.6,89.7,0.0,0.0,2.8,66.5,33.5,,,,,,,,,,,,,,,,     529,13.4,        620,32.9,67.1,0.0,30.8,22.4,     636,       2,0.3,0.0,0.0,0.0,1.5,       139,93.5,5.0,0.0,0.0,1.4,0.0,131.0,56.0,42.7,0.0,23.2,51.8,25.0,51.8,16.1,7.1,SCIENCE AND TECH/ENG,118.0,73.0,41.0,25.0,77.0,48.0,41.0,25.0,3.0,2.0,162.0,90.4,,,"      $13,576,366.00",        617.8,"         $21,975.34","      $13,581,366.00",        618.8,"         $21,947.91",,498.0,,489.0,8730000.0,5.0,0.8,0.0,208.0,32.0,324.0,49.8,171.0,61.0,96.7,144.0,99.3,10.4 to 1,"      $4,958,960","  $80,112",     62
Southeastern Regional Vocational Technical,0.0,0.0,0.0,0.0,0.0,0.0,0.0,0.0,0.0,0.0,376.0,356.0,356.0,339.0,0.0,1427.0,34.1,1.5,11.8,47.4,0.0,0.0,5.1,51.3,48.6,     137,     187,      97,      31,       8,       1,       0,,      84,      65,      28,       8,       2,79.7,20.3,     704,16.5,"      1,413",48.8,51.2,1.6,19.3,36.5,"   1,416",       6,0.4,0.0,0.3,0.6,0.9,       329,97.3,1.5,0.0,0.0,1.2,0.0,294.0,164.0,55.8,0.0,22.0,44.5,33.5,43.9,19.5,9.1,SCIENCE AND TECH/ENG,197.0,55.0,55.0,15.0,142.0,40.0,149.0,42.0,13.0,4.0,359.0,82.2,,,"      $30,147,512.00","      1,335.9","         $22,567.19","      $30,167,512.00","      1,339.9","         $22,514.75",,470.0,,467.0,8720000.0,357.0,25.0,15.0,261.0,18.3,751.0,52.6,547.0,116.0,96.9,379.0,100.0,12.2 to 1,"     $10,123,304","  $80,922",    125
Southern Worcester County Regional Vocational Technical,0.0,0.0,0.0,0.0,0.0,0.0,0.0,0.0,0.0,0.0,309.0,275.0,286.0,253.0,0.0,1123.0,0.7,0.6,9.2,88.2,0.1,0.0,1.2,58.9,41.1,     104,     162,      66,      24,       8,       6,       0,,      37,      59,      33,      22,      11,59.3,40.7,     951,14.0,"      1,121",41.9,58.1,0.0,14.3,25.9,"   1,114",       5,0.4,0.3,1.0,0.4,0.0,       248,95.6,2.4,0.0,0.4,1.6,0.0,260.0,110.0,42.3,0.9,33.6,45.5,20.0,42.7,14.5,4.5,SCIENCE AND TECH/ENG,217.0,80.0,84.0,31.0,133.0,49.0,44.0,16.0,11.0,4.0,272.0,91.3,,,"      $20,687,626.00","      1,077.8","         $19,194.31","      $20,869,057.00","      1,109.3","         $18,812.82",,518.0,,508.0,8760000.0,6.0,0.5,0.0,156.0,13.9,392.0,34.9,290.0,110.0,100.0,326.0,100.0,10.1 to 1,"      $8,315,313","  $73,587",    113
Springfield Preparatory Charter School (District),0.0,53.0,54.0,54.0,54.0,0.0,0.0,0.0,0.0,0.0,0.0,0.0,0.0,0.0,0.0,215.0,23.7,2.3,65.6,6.5,0.0,0.0,1.9,49.3,50.7,,,,,,,,,,,,,,,,      31,25.7,        156,50.6,49.4,24.4,13.5,64.7,,,,,,,,,,,,,,,,,,,,,,,,,,,,,,,,,,,,,,,,,,,,,,,,,,35100000.0,70.0,32.6,54.0,26.0,12.1,173.0,80.5,154.0,13.0,61.5,31.0,51.6,12.5 to 1,,,
Sturgis Charter Public,,,,,,,,,,,,,,,,,,,,,,,,,,,,,,,,,,,,,,,,,,,,,,,,,,,,,,,,,,,,,,,209.0,187.0,89.5,0.0,42.2,16.0,41.7,16.0,11.8,21.4,,,,,,,,,,,,,,,,,,,,,,,,,,,,,,,,,,,,,,,,,,
Sturgis Charter Public (District),0.0,0.0,0.0,0.0,0.0,0.0,0.0,0.0,0.0,0.0,215.0,218.0,198.0,185.0,0.0,816.0,2.3,3.6,4.7,84.9,0.5,0.0,4.0,42.4,57.6,,,,,,,,,,,,,,,,     517,14.1,        809,58.8,41.2,0.1,12.7,11.2,     804,       1,0.1,0.0,0.0,0.0,0.5,       180,96.7,2.8,0.0,0.0,0.6,0.0,,,,,,,,,,,SCIENCE AND TECH/ENG,184.0,93.0,98.0,50.0,86.0,44.0,12.0,6.0,1.0,1.0,197.0,97.6,,,,,,,,,,595.0,,576.0,4890000.0,26.0,3.2,2.0,97.0,11.9,204.0,25.0,120.0,89.0,42.6,411.0,100.0,9.0 to 1,,,
TEC Connections Academy Commonwealth Virtual School District,0.0,37.0,35.0,42.0,40.0,43.0,46.0,90.0,139.0,156.0,296.0,242.0,212.0,160.0,0.0,1538.0,5.6,2.9,13.9,70.0,0.5,0.3,6.8,41.5,58.4,      22,      33,      14,       6,       1,       1,       0,,       2,       8,      12,       6,       5,30.3,69.7,     421,33.2,"      1,441",57.8,42.1,2.1,20.1,37.5,     638,     182,28.5,34.3,30.6,20.6,23.9,       233,32.6,19.7,0.0,12.0,35.6,0.0,13.0,,,,,,,,,,SCIENCE AND TECH/ENG,65.0,29.0,10.0,4.0,55.0,24.0,107.0,47.0,54.0,24.0,226.0,63.8,,,,,,,,,,568.0,,528.0,39020000.0,64.0,4.2,3.0,295.0,19.2,793.0,51.6,633.0,37.0,100.0,424.0,97.9,30.2 to 1,,,
The Sizer School: A North Central Charter Essential (District),,,,,,,,,,,,,,,,,,,,,,,,,,,,,,,,,,,,,,,,,,,,,,,,,,,,,,,,,,,,,,,38.0,24.0,63.2,0.0,25.0,33.3,41.7,33.3,16.7,20.8,,,,,,,,,,,,,,,,,,,,,,,,,,,,,,,,,,,,,,,,,,
Tri County Regional Vocational Technical,,,,,,,,,,,,,,,,,,,,,,,,,,,,,,,,,,,,,,,,,,,,,,,,,,,,,,,,,,,,,,,238.0,139.0,58.4,0.7,31.7,31.7,36.0,25.9,18.7,13.7,,,,,,,,,,,,,,,,"      $19,213,205.00",        994.8,"         $19,313.64","      $19,216,655.00",        995.5,"         $19,303.52",,,,,,,,,,,,,,,,,,,"      $7,428,177","  $79,531",     93
Tri-County Regional Vocational Technical,0.0,0.0,0.0,0.0,0.0,0.0,0.0,0.0,0.0,0.0,248.0,271.0,256.0,211.0,0.0,986.0,0.5,0.7,5.3,88.9,0.2,0.1,4.3,56.9,42.9,      66,      94,      47,      10,       9,       0,       0,,      11,      29,      34,      10,      10,42.6,57.4,     585,17.0,"      1,003",44.7,55.2,0.3,27.5,19.5,"   1,023",       9,0.9,0.4,1.1,1.8,0.4,       235,97.0,0.9,0.0,0.0,2.1,0.0,,,,,,,,,,,SCIENCE AND TECH/ENG,198.0,77.0,55.0,21.0,143.0,56.0,52.0,20.0,7.0,3.0,257.0,91.2,,,,,,,,,,535.0,,524.0,8780000.0,5.0,0.5,4.0,304.0,30.8,434.0,44.0,205.0,86.0,96.5,237.0,100.0,11.9 to 1,,,
UP Academy Charter School of Boston (District),0.0,0.0,0.0,0.0,0.0,0.0,0.0,183.0,166.0,153.0,0.0,0.0,0.0,0.0,0.0,502.0,45.4,6.6,41.2,3.8,0.2,0.6,2.2,52.0,48.0,,,,,,,,,,,,,,,,     128,22.4,        456,45.2,54.8,16.9,19.3,62.9,,,,,,,,,,,,,,,,,,,,,,,,,SCIENCE AND TECH/ENG,20.0,18.0,0.0,0.0,20.0,18.0,59.0,53.0,32.0,29.0,111.0,59.5,,,,,,,,,,,,,4800000.0,271.0,54.0,127.0,108.0,21.5,407.0,81.1,345.0,39.0,79.2,100.0,79.0,12.2 to 1,,,
UP Academy Charter School of Dorchester (District),59.0,64.0,71.0,74.0,75.0,90.0,90.0,82.0,71.0,63.0,0.0,0.0,0.0,0.0,0.0,739.0,54.0,2.0,40.3,1.2,0.4,0.0,2.0,51.6,48.4,,,,,,,,,,,,,,,,     212,22.5,        749,50.9,49.1,21.8,20.6,59.9,,,,,,,,,,,,,,,,,,,,,,,,,SCIENCE AND TECH/ENG,22.0,16.0,2.0,1.0,20.0,14.0,67.0,48.0,50.0,36.0,139.0,52.3,,,,,,,,,,,,,35050000.0,193.0,26.1,191.0,145.0,19.6,589.0,79.7,493.0,63.0,85.7,158.0,81.6,11.8 to 1,,,
Upper Cape Cod Regional Vocational Technical,0.0,0.0,0.0,0.0,0.0,0.0,0.0,0.0,0.0,0.0,190.0,186.0,167.0,172.0,0.0,715.0,4.5,2.1,2.1,85.6,0.6,0.0,5.2,62.1,37.9,       9,,,,,,,,       0,       8,       2,       0,       0,80.0,20.0,     319,15.4,        690,38.3,61.7,0.0,15.9,22.5,     709,       1,0.1,0.0,0.0,0.6,0.0,       167,97.6,1.2,0.0,0.6,0.6,0.0,148.0,92.0,62.2,0.0,29.3,45.7,25.0,45.7,9.8,12.0,SCIENCE AND TECH/ENG,113.0,68.0,32.0,19.0,81.0,49.0,52.0,32.0,0.0,0.0,165.0,88.0,,,"      $15,875,510.00",        695.1,"         $22,839.17","      $15,882,110.00",        696.4,"         $22,806.02",,537.0,,530.0,8790000.0,0.0,0.0,0.0,127.0,17.8,284.0,39.7,188.0,69.0,97.1,121.0,97.5,10.3 to 1,"      $5,207,946","  $69,765",     75
Veritas Preparatory Charter School (District),0.0,0.0,0.0,0.0,0.0,0.0,90.0,86.0,82.0,64.0,0.0,0.0,0.0,0.0,0.0,322.0,16.8,0.6,76.7,4.3,0.0,0.0,1.6,46.6,53.4,,,,,,,,,,,,,,,,      83,27.7,        308,49.0,51.0,10.7,20.8,69.2,,,,,,,,,,,,,,,,,,,,,,,,,SCIENCE AND TECH/ENG,71.0,49.0,24.0,17.0,47.0,32.0,57.0,39.0,17.0,12.0,145.0,76.4,,,,,,,,,,,,,4980000.0,77.0,23.9,38.0,59.0,18.3,247.0,76.7,231.0,28.0,54.5,72.0,65.3,11.4 to 1,,,
Whittier Regional Vocational Technical,0.0,0.0,0.0,0.0,0.0,0.0,0.0,0.0,0.0,0.0,288.0,331.0,332.0,303.0,0.0,1254.0,1.4,1.0,18.9,75.3,0.2,0.0,3.1,54.5,45.5,,,,,,,,,,,,,,,,     705,13.5,"      1,311",45.2,54.8,0.6,24.8,26.5,"   1,310",       4,0.3,0.0,0.6,0.0,0.6,       337,99.1,0.0,0.0,0.3,0.6,0.0,292.0,201.0,68.8,0.0,21.9,49.8,28.4,48.3,10.0,10.9,SCIENCE AND TECH/ENG,245.0,79.0,86.0,28.0,159.0,51.0,55.0,18.0,9.0,3.0,309.0,91.3,,,"      $23,674,066.00","      1,299.6","         $18,216.43","      $23,767,184.00","      1,304.4","         $18,220.78",,519.0,,507.0,8850000.0,60.0,4.8,12.0,295.0,23.5,594.0,47.4,373.0,113.0,97.4,461.0,100.0,11.6 to 1,"      $9,353,064","  $83,659",    112
